index,date_of_interest,FIPS,node_key,CASE_COUNT,CASE_COUNT_7DAY_AVG,CASE_COUNT_PREV_0,CASE_COUNT_PREV_1,CASE_COUNT_PREV_2,CASE_COUNT_PREV_3,CASE_COUNT_PREV_4,CASE_COUNT_PREV_5,CASE_DELTA
1,2020-02-29,36005,36005-2020-02-29,0,0.0,0.0,0.0,0.0,0.0,0.0,0.0,-0.0
0,2020-02-29,36047,36047-2020-02-29,0,0.0,0.0,0.0,0.0,0.0,0.0,0.0,-0.0
2,2020-02-29,36061,36061-2020-02-29,1,0.14285714285714285,0.0,0.0,0.0,0.0,0.0,0.0,-0.0
3,2020-02-29,36081,36081-2020-02-29,0,0.0,0.0,0.0,0.0,0.0,0.0,0.0,-0.0
4,2020-02-29,36085,36085-2020-02-29,0,0.0,0.0,0.0,0.0,0.0,0.0,0.0,-0.0
6,2020-03-01,36005,36005-2020-03-01,0,0.0,0.0,0.0,0.0,0.0,0.0,0.0,-0.0
5,2020-03-01,36047,36047-2020-03-01,0,0.0,0.0,0.0,0.0,0.0,0.0,0.0,-0.0
7,2020-03-01,36061,36061-2020-03-01,0,0.14285714285714285,1.0,0.0,0.0,0.0,0.0,0.0,-0.0
8,2020-03-01,36081,36081-2020-03-01,0,0.0,0.0,0.0,0.0,0.0,0.0,0.0,-0.0
9,2020-03-01,36085,36085-2020-03-01,0,0.0,0.0,0.0,0.0,0.0,0.0,0.0,-0.0
11,2020-03-02,36005,36005-2020-03-02,0,0.0,0.0,0.0,0.0,0.0,0.0,0.0,-0.0
10,2020-03-02,36047,36047-2020-03-02,0,0.0,0.0,0.0,0.0,0.0,0.0,0.0,-0.0
12,2020-03-02,36061,36061-2020-03-02,0,0.14285714285714285,0.0,1.0,0.0,0.0,0.0,0.0,-0.0
13,2020-03-02,36081,36081-2020-03-02,0,0.0,0.0,0.0,0.0,0.0,0.0,0.0,0.14285714285714285
14,2020-03-02,36085,36085-2020-03-02,0,0.0,0.0,0.0,0.0,0.0,0.0,0.0,-0.0
16,2020-03-03,36005,36005-2020-03-03,0,0.0,0.0,0.0,0.0,0.0,0.0,0.0,-0.0
15,2020-03-03,36047,36047-2020-03-03,0,0.0,0.0,0.0,0.0,0.0,0.0,0.0,0.14285714285714285
17,2020-03-03,36061,36061-2020-03-03,0,0.14285714285714285,0.0,0.0,1.0,0.0,0.0,0.0,0.2857142857142857
18,2020-03-03,36081,36081-2020-03-03,1,0.14285714285714285,0.0,0.0,0.0,0.0,0.0,0.0,0.2857142857142857
19,2020-03-03,36085,36085-2020-03-03,0,0.0,0.0,0.0,0.0,0.0,0.0,0.0,-0.0
21,2020-03-04,36005,36005-2020-03-04,0,0.0,0.0,0.0,0.0,0.0,0.0,0.0,-0.0
20,2020-03-04,36047,36047-2020-03-04,1,0.14285714285714285,0.0,0.0,0.0,0.0,0.0,0.0,0.42857142857142855
22,2020-03-04,36061,36061-2020-03-04,2,0.42857142857142855,0.0,0.0,0.0,1.0,0.0,0.0,-0.0
23,2020-03-04,36081,36081-2020-03-04,2,0.42857142857142855,1.0,0.0,0.0,0.0,0.0,0.0,-0.0
24,2020-03-04,36085,36085-2020-03-04,0,0.0,0.0,0.0,0.0,0.0,0.0,0.0,-0.0
26,2020-03-05,36005,36005-2020-03-05,0,0.0,0.0,0.0,0.0,0.0,0.0,0.0,0.2857142857142857
25,2020-03-05,36047,36047-2020-03-05,3,0.5714285714285714,1.0,0.0,0.0,0.0,0.0,0.0,0.1428571428571429
27,2020-03-05,36061,36061-2020-03-05,0,0.42857142857142855,2.0,0.0,0.0,0.0,1.0,0.0,0.42857142857142855
28,2020-03-05,36081,36081-2020-03-05,0,0.42857142857142855,2.0,1.0,0.0,0.0,0.0,0.0,0.14285714285714285
29,2020-03-05,36085,36085-2020-03-05,0,0.0,0.0,0.0,0.0,0.0,0.0,0.0,0.14285714285714285
31,2020-03-06,36005,36005-2020-03-06,2,0.2857142857142857,0.0,0.0,0.0,0.0,0.0,0.0,-0.0
30,2020-03-06,36047,36047-2020-03-06,1,0.7142857142857143,3.0,1.0,0.0,0.0,0.0,0.0,0.2857142857142857
32,2020-03-06,36061,36061-2020-03-06,3,0.8571428571428571,0.0,2.0,0.0,0.0,0.0,1.0,-0.0
33,2020-03-06,36081,36081-2020-03-06,1,0.5714285714285714,0.0,2.0,1.0,0.0,0.0,0.0,0.4285714285714286
34,2020-03-06,36085,36085-2020-03-06,1,0.14285714285714285,0.0,0.0,0.0,0.0,0.0,0.0,0.14285714285714285
36,2020-03-07,36005,36005-2020-03-07,0,0.2857142857142857,2.0,0.0,0.0,0.0,0.0,0.0,0.4285714285714286
35,2020-03-07,36047,36047-2020-03-07,2,1.0,1.0,3.0,1.0,0.0,0.0,0.0,0.7142857142857142
37,2020-03-07,36061,36061-2020-03-07,1,0.8571428571428571,3.0,0.0,2.0,0.0,0.0,0.0,0.8571428571428571
38,2020-03-07,36081,36081-2020-03-07,3,1.0,1.0,0.0,2.0,1.0,0.0,0.0,0.8571428571428572
39,2020-03-07,36085,36085-2020-03-07,1,0.2857142857142857,1.0,0.0,0.0,0.0,0.0,0.0,0.14285714285714285
41,2020-03-08,36005,36005-2020-03-08,3,0.7142857142857143,0.0,2.0,0.0,0.0,0.0,0.0,0.5714285714285715
40,2020-03-08,36047,36047-2020-03-08,5,1.7142857142857142,2.0,1.0,3.0,1.0,0.0,0.0,2.2857142857142856
42,2020-03-08,36061,36061-2020-03-08,6,1.7142857142857142,1.0,3.0,0.0,2.0,0.0,0.0,3.428571428571429
43,2020-03-08,36081,36081-2020-03-08,6,1.8571428571428572,3.0,1.0,0.0,2.0,1.0,0.0,1.4285714285714284
44,2020-03-08,36085,36085-2020-03-08,1,0.42857142857142855,1.0,1.0,0.0,0.0,0.0,0.0,0.42857142857142855
46,2020-03-09,36005,36005-2020-03-09,4,1.2857142857142858,3.0,0.0,2.0,0.0,0.0,0.0,1.1428571428571426
45,2020-03-09,36047,36047-2020-03-09,16,4.0,5.0,2.0,1.0,3.0,1.0,0.0,1.5714285714285712
47,2020-03-09,36061,36061-2020-03-09,24,5.142857142857143,6.0,1.0,3.0,0.0,2.0,0.0,3.428571428571428
48,2020-03-09,36081,36081-2020-03-09,10,3.2857142857142856,6.0,3.0,1.0,0.0,2.0,1.0,3.2857142857142856
49,2020-03-09,36085,36085-2020-03-09,3,0.8571428571428571,1.0,1.0,1.0,0.0,0.0,0.0,0.2857142857142857
51,2020-03-10,36005,36005-2020-03-10,8,2.4285714285714284,4.0,3.0,0.0,2.0,0.0,0.0,2.714285714285715
50,2020-03-10,36047,36047-2020-03-10,11,5.571428571428571,16.0,5.0,2.0,1.0,3.0,1.0,4.2857142857142865
52,2020-03-10,36061,36061-2020-03-10,24,8.571428571428571,24.0,6.0,1.0,3.0,0.0,2.0,8.571428571428571
53,2020-03-10,36081,36081-2020-03-10,24,6.571428571428571,10.0,6.0,3.0,1.0,0.0,2.0,5.428571428571429
54,2020-03-10,36085,36085-2020-03-10,2,1.1428571428571428,3.0,1.0,1.0,1.0,0.0,0.0,0.4285714285714286
56,2020-03-11,36005,36005-2020-03-11,19,5.142857142857143,8.0,4.0,3.0,0.0,2.0,0.0,4.142857142857143
55,2020-03-11,36047,36047-2020-03-11,31,9.857142857142858,11.0,16.0,5.0,2.0,1.0,3.0,13.285714285714285
57,2020-03-11,36061,36061-2020-03-11,62,17.142857142857142,24.0,24.0,6.0,1.0,3.0,0.0,19.571428571428573
58,2020-03-11,36081,36081-2020-03-11,40,12.0,24.0,10.0,6.0,3.0,1.0,0.0,11.428571428571427
59,2020-03-11,36085,36085-2020-03-11,3,1.5714285714285714,2.0,3.0,1.0,1.0,1.0,0.0,1.857142857142857
61,2020-03-12,36005,36005-2020-03-12,29,9.285714285714286,19.0,8.0,4.0,3.0,0.0,2.0,10.999999999999998
60,2020-03-12,36047,36047-2020-03-12,96,23.142857142857142,31.0,11.0,16.0,5.0,2.0,1.0,23.571428571428573
62,2020-03-12,36061,36061-2020-03-12,137,36.714285714285715,62.0,24.0,24.0,6.0,1.0,3.0,25.57142857142857
63,2020-03-12,36081,36081-2020-03-12,80,23.428571428571427,40.0,24.0,10.0,6.0,3.0,1.0,23.571428571428573
64,2020-03-12,36085,36085-2020-03-12,13,3.4285714285714284,3.0,2.0,3.0,1.0,1.0,1.0,3.5714285714285716
66,2020-03-13,36005,36005-2020-03-13,79,20.285714285714285,29.0,19.0,8.0,4.0,3.0,0.0,12.285714285714285
65,2020-03-13,36047,36047-2020-03-13,166,46.714285714285715,96.0,31.0,11.0,16.0,5.0,2.0,22.999999999999993
67,2020-03-13,36061,36061-2020-03-13,182,62.285714285714285,137.0,62.0,24.0,24.0,6.0,1.0,25.000000000000007
68,2020-03-13,36081,36081-2020-03-13,166,47.0,80.0,40.0,24.0,10.0,6.0,3.0,27.285714285714292
69,2020-03-13,36085,36085-2020-03-13,26,7.0,13.0,3.0,2.0,3.0,1.0,1.0,3.1428571428571423
71,2020-03-14,36005,36005-2020-03-14,86,32.57142857142857,79.0,29.0,19.0,8.0,4.0,3.0,16.571428571428577
70,2020-03-14,36047,36047-2020-03-14,163,69.71428571428571,166.0,96.0,31.0,11.0,16.0,5.0,61.000000000000014
72,2020-03-14,36061,36061-2020-03-14,176,87.28571428571429,182.0,137.0,62.0,24.0,24.0,6.0,28.428571428571416
73,2020-03-14,36081,36081-2020-03-14,194,74.28571428571429,166.0,80.0,40.0,24.0,10.0,6.0,32.14285714285714
74,2020-03-14,36085,36085-2020-03-14,23,10.142857142857142,26.0,13.0,3.0,2.0,3.0,1.0,6.571428571428573
76,2020-03-15,36005,36005-2020-03-15,119,49.142857142857146,86.0,79.0,29.0,19.0,8.0,4.0,42.99999999999999
75,2020-03-15,36047,36047-2020-03-15,432,130.71428571428572,163.0,166.0,96.0,31.0,11.0,16.0,103.42857142857142
77,2020-03-15,36061,36061-2020-03-15,205,115.71428571428571,176.0,182.0,137.0,62.0,24.0,24.0,61.857142857142875
78,2020-03-15,36081,36081-2020-03-15,231,106.42857142857143,194.0,166.0,80.0,40.0,24.0,10.0,73.99999999999999
79,2020-03-15,36085,36085-2020-03-15,47,16.714285714285715,23.0,26.0,13.0,3.0,2.0,3.0,12.57142857142857
81,2020-03-16,36005,36005-2020-03-16,305,92.14285714285714,119.0,86.0,79.0,29.0,19.0,8.0,47.85714285714286
80,2020-03-16,36047,36047-2020-03-16,740,234.14285714285714,432.0,163.0,166.0,96.0,31.0,11.0,110.2857142857143
82,2020-03-16,36061,36061-2020-03-16,457,177.57142857142858,205.0,176.0,182.0,137.0,62.0,24.0,77.57142857142856
83,2020-03-16,36081,36081-2020-03-16,528,180.42857142857142,231.0,194.0,166.0,80.0,40.0,24.0,89.42857142857142
84,2020-03-16,36085,36085-2020-03-16,91,29.285714285714285,47.0,23.0,26.0,13.0,3.0,2.0,15.142857142857146
86,2020-03-17,36005,36005-2020-03-17,343,140.0,305.0,119.0,86.0,79.0,29.0,19.0,66.14285714285714
85,2020-03-17,36047,36047-2020-03-17,783,344.42857142857144,740.0,432.0,163.0,166.0,96.0,31.0,133.4285714285714
87,2020-03-17,36061,36061-2020-03-17,567,255.14285714285714,457.0,205.0,176.0,182.0,137.0,62.0,68.00000000000003
88,2020-03-17,36081,36081-2020-03-17,650,269.85714285714283,528.0,231.0,194.0,166.0,80.0,40.0,113.57142857142861
89,2020-03-17,36085,36085-2020-03-17,108,44.42857142857143,91.0,47.0,23.0,26.0,13.0,3.0,21.0
91,2020-03-18,36005,36005-2020-03-18,482,206.14285714285714,343.0,305.0,119.0,86.0,79.0,29.0,84.85714285714286
90,2020-03-18,36047,36047-2020-03-18,965,477.85714285714283,783.0,740.0,432.0,163.0,166.0,96.0,158.28571428571428
92,2020-03-18,36061,36061-2020-03-18,538,323.14285714285717,567.0,457.0,205.0,176.0,182.0,137.0,59.714285714285666
93,2020-03-18,36081,36081-2020-03-18,835,383.42857142857144,650.0,528.0,231.0,194.0,166.0,80.0,140.71428571428567
94,2020-03-18,36085,36085-2020-03-18,150,65.42857142857143,108.0,91.0,47.0,23.0,26.0,13.0,35.0
96,2020-03-19,36005,36005-2020-03-19,623,291.0,482.0,343.0,305.0,119.0,86.0,79.0,92.0
95,2020-03-19,36047,36047-2020-03-19,1204,636.1428571428571,965.0,783.0,740.0,432.0,163.0,166.0,138.57142857142856
97,2020-03-19,36061,36061-2020-03-19,555,382.85714285714283,538.0,567.0,457.0,205.0,176.0,182.0,67.28571428571433
98,2020-03-19,36081,36081-2020-03-19,1065,524.1428571428571,835.0,650.0,528.0,231.0,194.0,166.0,145.57142857142856
99,2020-03-19,36085,36085-2020-03-19,258,100.42857142857143,150.0,108.0,91.0,47.0,23.0,26.0,40.57142857142857
101,2020-03-20,36005,36005-2020-03-20,723,383.0,623.0,482.0,343.0,305.0,119.0,86.0,57.85714285714283
100,2020-03-20,36047,36047-2020-03-20,1136,774.7142857142857,1204.0,965.0,783.0,740.0,432.0,163.0,55.85714285714289
102,2020-03-20,36061,36061-2020-03-20,653,450.14285714285717,555.0,538.0,567.0,457.0,205.0,176.0,31.857142857142833
103,2020-03-20,36081,36081-2020-03-20,1185,669.7142857142857,1065.0,835.0,650.0,528.0,231.0,194.0,107.57142857142867
104,2020-03-20,36085,36085-2020-03-20,310,141.0,258.0,150.0,108.0,91.0,47.0,23.0,32.14285714285714
106,2020-03-21,36005,36005-2020-03-21,491,440.85714285714283,723.0,623.0,482.0,343.0,305.0,119.0,53.71428571428572
105,2020-03-21,36047,36047-2020-03-21,554,830.5714285714286,1136.0,1204.0,965.0,783.0,740.0,432.0,46.14285714285711
107,2020-03-21,36061,36061-2020-03-21,399,482.0,653.0,555.0,538.0,567.0,457.0,205.0,16.0
108,2020-03-21,36081,36081-2020-03-21,947,777.2857142857143,1185.0,1065.0,835.0,650.0,528.0,231.0,66.42857142857133
109,2020-03-21,36085,36085-2020-03-21,248,173.14285714285714,310.0,258.0,150.0,108.0,91.0,47.0,38.571428571428584
111,2020-03-22,36005,36005-2020-03-22,495,494.57142857142856,491.0,723.0,623.0,482.0,343.0,305.0,60.71428571428578
110,2020-03-22,36047,36047-2020-03-22,755,876.7142857142857,554.0,1136.0,1204.0,965.0,783.0,740.0,24.142857142857224
112,2020-03-22,36061,36061-2020-03-22,317,498.0,399.0,653.0,555.0,538.0,567.0,457.0,10.428571428571445
113,2020-03-22,36081,36081-2020-03-22,696,843.7142857142857,947.0,1185.0,1065.0,835.0,650.0,528.0,94.85714285714289
114,2020-03-22,36085,36085-2020-03-22,317,211.71428571428572,248.0,310.0,258.0,150.0,108.0,91.0,16.85714285714286
116,2020-03-23,36005,36005-2020-03-23,730,555.2857142857143,495.0,491.0,723.0,623.0,482.0,343.0,83.42857142857133
115,2020-03-23,36047,36047-2020-03-23,909,900.8571428571429,755.0,554.0,1136.0,1204.0,965.0,783.0,61.28571428571422
117,2020-03-23,36061,36061-2020-03-23,530,508.42857142857144,317.0,399.0,653.0,555.0,538.0,567.0,7.428571428571445
118,2020-03-23,36081,36081-2020-03-23,1192,938.5714285714286,696.0,947.0,1185.0,1065.0,835.0,650.0,105.57142857142856
119,2020-03-23,36085,36085-2020-03-23,209,228.57142857142858,317.0,248.0,310.0,258.0,150.0,108.0,34.571428571428584
121,2020-03-24,36005,36005-2020-03-24,927,638.7142857142857,730.0,495.0,491.0,723.0,623.0,482.0,83.71428571428578
120,2020-03-24,36047,36047-2020-03-24,1212,962.1428571428571,909.0,755.0,554.0,1136.0,1204.0,965.0,41.428571428571445
122,2020-03-24,36061,36061-2020-03-24,619,515.8571428571429,530.0,317.0,399.0,653.0,555.0,538.0,6.857142857142776
123,2020-03-24,36081,36081-2020-03-24,1389,1044.142857142857,1192.0,696.0,947.0,1185.0,1065.0,835.0,105.0
124,2020-03-24,36085,36085-2020-03-24,350,263.14285714285717,209.0,317.0,248.0,310.0,258.0,150.0,34.85714285714283
126,2020-03-25,36005,36005-2020-03-25,1068,722.4285714285714,927.0,730.0,495.0,491.0,723.0,623.0,53.571428571428555
125,2020-03-25,36047,36047-2020-03-25,1255,1003.5714285714286,1212.0,909.0,755.0,554.0,1136.0,1204.0,24.000000000000114
127,2020-03-25,36061,36061-2020-03-25,586,522.7142857142857,619.0,530.0,317.0,399.0,653.0,555.0,10.0
128,2020-03-25,36081,36081-2020-03-25,1570,1149.142857142857,1389.0,1192.0,696.0,947.0,1185.0,1065.0,82.71428571428578
129,2020-03-25,36085,36085-2020-03-25,394,298.0,350.0,209.0,317.0,248.0,310.0,258.0,21.0
131,2020-03-26,36005,36005-2020-03-26,998,776.0,1068.0,927.0,730.0,495.0,491.0,723.0,52.428571428571445
130,2020-03-26,36047,36047-2020-03-26,1372,1027.5714285714287,1255.0,1212.0,909.0,755.0,554.0,1136.0,41.28571428571422
132,2020-03-26,36061,36061-2020-03-26,625,532.7142857142857,586.0,619.0,530.0,317.0,399.0,653.0,0.4285714285714448
133,2020-03-26,36081,36081-2020-03-26,1644,1231.857142857143,1570.0,1389.0,1192.0,696.0,947.0,1185.0,55.85714285714289
134,2020-03-26,36085,36085-2020-03-26,405,319.0,394.0,350.0,209.0,317.0,248.0,310.0,8.857142857142833
136,2020-03-27,36005,36005-2020-03-27,1090,828.4285714285714,998.0,1068.0,927.0,730.0,495.0,491.0,38.571428571428555
135,2020-03-27,36047,36047-2020-03-27,1425,1068.857142857143,1372.0,1255.0,1212.0,909.0,755.0,554.0,44.14285714285711
137,2020-03-27,36061,36061-2020-03-27,656,533.1428571428571,625.0,586.0,619.0,530.0,317.0,399.0,-1.5714285714285552
138,2020-03-27,36081,36081-2020-03-27,1576,1287.7142857142858,1644.0,1570.0,1389.0,1192.0,696.0,947.0,36.28571428571422
139,2020-03-27,36085,36085-2020-03-27,372,327.85714285714283,405.0,394.0,350.0,209.0,317.0,248.0,2.428571428571445
141,2020-03-28,36005,36005-2020-03-28,761,867.0,1090.0,998.0,1068.0,927.0,730.0,495.0,29.14285714285711
140,2020-03-28,36047,36047-2020-03-28,863,1113.0,1425.0,1372.0,1255.0,1212.0,909.0,755.0,56.28571428571422
142,2020-03-28,36061,36061-2020-03-28,388,531.5714285714286,656.0,625.0,586.0,619.0,530.0,317.0,12.85714285714289
143,2020-03-28,36081,36081-2020-03-28,1201,1324.0,1576.0,1644.0,1570.0,1389.0,1192.0,696.0,54.14285714285711
144,2020-03-28,36085,36085-2020-03-28,265,330.2857142857143,372.0,405.0,394.0,350.0,209.0,317.0,-12.428571428571445
146,2020-03-29,36005,36005-2020-03-29,699,896.1428571428571,761.0,1090.0,998.0,1068.0,927.0,730.0,83.57142857142856
145,2020-03-29,36047,36047-2020-03-29,1149,1169.2857142857142,863.0,1425.0,1372.0,1255.0,1212.0,909.0,120.71428571428578
147,2020-03-29,36061,36061-2020-03-29,407,544.4285714285714,388.0,656.0,625.0,586.0,619.0,530.0,38.85714285714289
148,2020-03-29,36081,36081-2020-03-29,1075,1378.142857142857,1201.0,1576.0,1644.0,1570.0,1389.0,1192.0,95.28571428571422
149,2020-03-29,36085,36085-2020-03-29,230,317.85714285714283,265.0,372.0,405.0,394.0,350.0,209.0,27.0
151,2020-03-30,36005,36005-2020-03-30,1315,979.7142857142857,699.0,761.0,1090.0,998.0,1068.0,927.0,50.714285714285666
150,2020-03-30,36047,36047-2020-03-30,1754,1290.0,1149.0,863.0,1425.0,1372.0,1255.0,1212.0,42.85714285714289
152,2020-03-30,36061,36061-2020-03-30,802,583.2857142857143,407.0,388.0,656.0,625.0,586.0,619.0,-0.4285714285714448
153,2020-03-30,36081,36081-2020-03-30,1859,1473.4285714285713,1075.0,1201.0,1576.0,1644.0,1570.0,1389.0,60.28571428571445
154,2020-03-30,36085,36085-2020-03-30,398,344.85714285714283,230.0,265.0,372.0,405.0,394.0,350.0,-16.14285714285711
156,2020-03-31,36005,36005-2020-03-31,1282,1030.4285714285713,1315.0,699.0,761.0,1090.0,998.0,1068.0,24.57142857142867
155,2020-03-31,36047,36047-2020-03-31,1512,1332.857142857143,1754.0,1149.0,863.0,1425.0,1372.0,1255.0,47.85714285714289
157,2020-03-31,36061,36061-2020-03-31,616,582.8571428571429,802.0,407.0,388.0,656.0,625.0,586.0,-1.8571428571428896
158,2020-03-31,36081,36081-2020-03-31,1811,1533.7142857142858,1859.0,1075.0,1201.0,1576.0,1644.0,1570.0,30.14285714285711
159,2020-03-31,36085,36085-2020-03-31,237,328.7142857142857,398.0,230.0,265.0,372.0,405.0,394.0,-18.571428571428555
161,2020-04-01,36005,36005-2020-04-01,1240,1055.0,1282.0,1315.0,699.0,761.0,1090.0,998.0,41.57142857142867
160,2020-04-01,36047,36047-2020-04-01,1590,1380.7142857142858,1512.0,1754.0,1149.0,863.0,1425.0,1372.0,34.0
162,2020-04-01,36061,36061-2020-04-01,573,581.0,616.0,802.0,407.0,388.0,656.0,625.0,3.8571428571428896
163,2020-04-01,36081,36081-2020-04-01,1781,1563.857142857143,1811.0,1859.0,1075.0,1201.0,1576.0,1644.0,26.0
164,2020-04-01,36085,36085-2020-04-01,264,310.14285714285717,237.0,398.0,230.0,265.0,372.0,405.0,-5.142857142857167
166,2020-04-02,36005,36005-2020-04-02,1289,1096.5714285714287,1240.0,1282.0,1315.0,699.0,761.0,1090.0,51.71428571428555
165,2020-04-02,36047,36047-2020-04-02,1610,1414.7142857142858,1590.0,1512.0,1754.0,1149.0,863.0,1425.0,2.1428571428571104
167,2020-04-02,36061,36061-2020-04-02,652,584.8571428571429,573.0,616.0,802.0,407.0,388.0,656.0,2.1428571428571104
168,2020-04-02,36081,36081-2020-04-02,1826,1589.857142857143,1781.0,1811.0,1859.0,1075.0,1201.0,1576.0,26.57142857142844
169,2020-04-02,36085,36085-2020-04-02,369,305.0,264.0,237.0,398.0,230.0,265.0,372.0,-3.857142857142833
171,2020-04-03,36005,36005-2020-04-03,1452,1148.2857142857142,1289.0,1240.0,1282.0,1315.0,699.0,761.0,35.85714285714289
170,2020-04-03,36047,36047-2020-04-03,1440,1416.857142857143,1610.0,1590.0,1512.0,1754.0,1149.0,863.0,8.14285714285711
172,2020-04-03,36061,36061-2020-04-03,671,587.0,652.0,573.0,616.0,802.0,407.0,388.0,-0.4285714285714448
173,2020-04-03,36081,36081-2020-04-03,1762,1616.4285714285713,1826.0,1781.0,1811.0,1859.0,1075.0,1201.0,0.2857142857144481
174,2020-04-03,36085,36085-2020-04-03,345,301.14285714285717,369.0,264.0,237.0,398.0,230.0,265.0,11.428571428571388
176,2020-04-04,36005,36005-2020-04-04,1012,1184.142857142857,1452.0,1289.0,1240.0,1282.0,1315.0,699.0,17.57142857142867
175,2020-04-04,36047,36047-2020-04-04,920,1425.0,1440.0,1610.0,1590.0,1512.0,1754.0,1149.0,-0.7142857142857792
177,2020-04-04,36061,36061-2020-04-04,385,586.5714285714286,671.0,652.0,573.0,616.0,802.0,407.0,-7.285714285714221
178,2020-04-04,36081,36081-2020-04-04,1203,1616.7142857142858,1762.0,1826.0,1781.0,1811.0,1859.0,1075.0,8.714285714285552
179,2020-04-04,36085,36085-2020-04-04,345,312.57142857142856,345.0,369.0,264.0,237.0,398.0,230.0,13.285714285714278
181,2020-04-05,36005,36005-2020-04-05,822,1201.7142857142858,1012.0,1452.0,1289.0,1240.0,1282.0,1315.0,28.42857142857133
180,2020-04-05,36047,36047-2020-04-05,1144,1424.2857142857142,920.0,1440.0,1610.0,1590.0,1512.0,1754.0,-41.85714285714289
182,2020-04-05,36061,36061-2020-04-05,356,579.2857142857143,385.0,671.0,652.0,573.0,616.0,802.0,-11.571428571428669
183,2020-04-05,36081,36081-2020-04-05,1136,1625.4285714285713,1203.0,1762.0,1826.0,1781.0,1811.0,1859.0,9.71428571428578
184,2020-04-05,36085,36085-2020-04-05,323,325.85714285714283,345.0,345.0,369.0,264.0,237.0,398.0,47.428571428571445
186,2020-04-06,36005,36005-2020-04-06,1514,1230.142857142857,822.0,1012.0,1452.0,1289.0,1240.0,1282.0,25.85714285714289
185,2020-04-06,36047,36047-2020-04-06,1461,1382.4285714285713,1144.0,920.0,1440.0,1610.0,1590.0,1512.0,-16.42857142857133
187,2020-04-06,36061,36061-2020-04-06,721,567.7142857142857,356.0,385.0,671.0,652.0,573.0,616.0,-1.5714285714285552
188,2020-04-06,36081,36081-2020-04-06,1927,1635.142857142857,1136.0,1203.0,1762.0,1826.0,1781.0,1811.0,19.71428571428578
189,2020-04-06,36085,36085-2020-04-06,730,373.2857142857143,323.0,345.0,345.0,369.0,264.0,237.0,56.14285714285717
191,2020-04-07,36005,36005-2020-04-07,1463,1256.0,1514.0,822.0,1012.0,1452.0,1289.0,1240.0,9.14285714285711
190,2020-04-07,36047,36047-2020-04-07,1397,1366.0,1461.0,1144.0,920.0,1440.0,1610.0,1590.0,-40.71428571428578
192,2020-04-07,36061,36061-2020-04-07,605,566.1428571428571,721.0,356.0,385.0,671.0,652.0,573.0,-3.857142857142776
193,2020-04-07,36081,36081-2020-04-07,1949,1654.857142857143,1927.0,1136.0,1203.0,1762.0,1826.0,1781.0,10.85714285714289
194,2020-04-07,36085,36085-2020-04-07,630,429.42857142857144,730.0,323.0,345.0,345.0,369.0,264.0,42.571428571428555
196,2020-04-08,36005,36005-2020-04-08,1304,1265.142857142857,1463.0,1514.0,822.0,1012.0,1452.0,1289.0,-0.5714285714284415
195,2020-04-08,36047,36047-2020-04-08,1305,1325.2857142857142,1397.0,1461.0,1144.0,920.0,1440.0,1610.0,-34.42857142857133
197,2020-04-08,36061,36061-2020-04-08,546,562.2857142857143,605.0,721.0,356.0,385.0,671.0,652.0,-13.428571428571445
198,2020-04-08,36081,36081-2020-04-08,1857,1665.7142857142858,1949.0,1927.0,1136.0,1203.0,1762.0,1826.0,-38.0
199,2020-04-08,36085,36085-2020-04-08,562,472.0,630.0,730.0,323.0,345.0,345.0,369.0,-10.142857142857167
201,2020-04-09,36005,36005-2020-04-09,1285,1264.5714285714287,1304.0,1463.0,1514.0,822.0,1012.0,1452.0,-32.14285714285734
200,2020-04-09,36047,36047-2020-04-09,1369,1290.857142857143,1305.0,1397.0,1461.0,1144.0,920.0,1440.0,-42.14285714285711
202,2020-04-09,36061,36061-2020-04-09,558,548.8571428571429,546.0,605.0,721.0,356.0,385.0,671.0,-25.142857142857224
203,2020-04-09,36081,36081-2020-04-09,1560,1627.7142857142858,1857.0,1949.0,1927.0,1136.0,1203.0,1762.0,-60.0
204,2020-04-09,36085,36085-2020-04-09,298,461.85714285714283,562.0,630.0,730.0,323.0,345.0,345.0,-6.285714285714278
206,2020-04-10,36005,36005-2020-04-10,1227,1232.4285714285713,1285.0,1304.0,1463.0,1514.0,822.0,1012.0,-2.0
205,2020-04-10,36047,36047-2020-04-10,1145,1248.7142857142858,1369.0,1305.0,1397.0,1461.0,1144.0,920.0,30.14285714285711
207,2020-04-10,36061,36061-2020-04-10,495,523.7142857142857,558.0,546.0,605.0,721.0,356.0,385.0,-11.571428571428555
208,2020-04-10,36081,36081-2020-04-10,1342,1567.7142857142858,1560.0,1857.0,1949.0,1927.0,1136.0,1203.0,-30.85714285714289
209,2020-04-10,36085,36085-2020-04-10,301,455.57142857142856,298.0,562.0,630.0,730.0,323.0,345.0,-4.857142857142833
211,2020-04-11,36005,36005-2020-04-11,998,1230.4285714285713,1227.0,1285.0,1304.0,1463.0,1514.0,822.0,-8.428571428571331
210,2020-04-11,36047,36047-2020-04-11,1131,1278.857142857143,1145.0,1369.0,1305.0,1397.0,1461.0,1144.0,-63.0
212,2020-04-11,36061,36061-2020-04-11,304,512.1428571428571,495.0,558.0,546.0,605.0,721.0,356.0,-14.857142857142833
213,2020-04-11,36081,36081-2020-04-11,987,1536.857142857143,1342.0,1560.0,1857.0,1949.0,1927.0,1136.0,-31.42857142857156
214,2020-04-11,36085,36085-2020-04-11,311,450.7142857142857,301.0,298.0,562.0,630.0,730.0,323.0,-10.0
216,2020-04-12,36005,36005-2020-04-12,763,1222.0,998.0,1227.0,1285.0,1304.0,1463.0,1514.0,-117.28571428571422
215,2020-04-12,36047,36047-2020-04-12,703,1215.857142857143,1131.0,1145.0,1369.0,1305.0,1397.0,1461.0,-56.42857142857156
217,2020-04-12,36061,36061-2020-04-12,252,497.2857142857143,304.0,495.0,558.0,546.0,605.0,721.0,-46.85714285714283
218,2020-04-12,36081,36081-2020-04-12,916,1505.4285714285713,987.0,1342.0,1560.0,1857.0,1949.0,1927.0,-136.1428571428571
219,2020-04-12,36085,36085-2020-04-12,253,440.7142857142857,311.0,301.0,298.0,562.0,630.0,730.0,-77.85714285714289
221,2020-04-13,36005,36005-2020-04-13,693,1104.7142857142858,763.0,998.0,1227.0,1285.0,1304.0,1463.0,-55.28571428571445
220,2020-04-13,36047,36047-2020-04-13,1066,1159.4285714285713,703.0,1131.0,1145.0,1369.0,1305.0,1397.0,-51.28571428571422
222,2020-04-13,36061,36061-2020-04-13,393,450.42857142857144,252.0,304.0,495.0,558.0,546.0,605.0,-23.571428571428612
223,2020-04-13,36081,36081-2020-04-13,974,1369.2857142857142,916.0,987.0,1342.0,1560.0,1857.0,1949.0,-92.71428571428555
224,2020-04-13,36085,36085-2020-04-13,185,362.85714285714283,253.0,311.0,301.0,298.0,562.0,630.0,-48.571428571428555
226,2020-04-14,36005,36005-2020-04-14,1076,1049.4285714285713,693.0,763.0,998.0,1227.0,1285.0,1304.0,-33.714285714285666
225,2020-04-14,36047,36047-2020-04-14,1038,1108.142857142857,1066.0,703.0,1131.0,1145.0,1369.0,1305.0,-60.42857142857133
227,2020-04-14,36061,36061-2020-04-14,440,426.85714285714283,393.0,252.0,304.0,495.0,558.0,546.0,-16.714285714285666
228,2020-04-14,36081,36081-2020-04-14,1300,1276.5714285714287,974.0,916.0,987.0,1342.0,1560.0,1857.0,-96.71428571428578
229,2020-04-14,36085,36085-2020-04-14,290,314.2857142857143,185.0,253.0,311.0,301.0,298.0,562.0,-35.0
231,2020-04-15,36005,36005-2020-04-15,1068,1015.7142857142857,1076.0,693.0,763.0,998.0,1227.0,1285.0,-49.28571428571422
230,2020-04-15,36047,36047-2020-04-15,882,1047.7142857142858,1038.0,1066.0,703.0,1131.0,1145.0,1369.0,-69.14285714285722
232,2020-04-15,36061,36061-2020-04-15,429,410.14285714285717,440.0,393.0,252.0,304.0,495.0,558.0,-29.0
233,2020-04-15,36081,36081-2020-04-15,1180,1179.857142857143,1300.0,974.0,916.0,987.0,1342.0,1560.0,-60.14285714285711
234,2020-04-15,36085,36085-2020-04-15,317,279.2857142857143,290.0,185.0,253.0,311.0,301.0,298.0,-12.428571428571445
236,2020-04-16,36005,36005-2020-04-16,940,966.4285714285714,1068.0,1076.0,693.0,763.0,998.0,1227.0,-44.428571428571445
235,2020-04-16,36047,36047-2020-04-16,885,978.5714285714286,882.0,1038.0,1066.0,703.0,1131.0,1145.0,-26.14285714285711
237,2020-04-16,36061,36061-2020-04-16,355,381.14285714285717,429.0,440.0,393.0,252.0,304.0,495.0,-23.571428571428612
238,2020-04-16,36081,36081-2020-04-16,1139,1119.7142857142858,1180.0,1300.0,974.0,916.0,987.0,1342.0,-34.71428571428578
239,2020-04-16,36085,36085-2020-04-16,211,266.85714285714283,317.0,290.0,185.0,253.0,311.0,301.0,-3.1428571428571104
241,2020-04-17,36005,36005-2020-04-17,916,922.0,940.0,1068.0,1076.0,693.0,763.0,998.0,-63.714285714285666
240,2020-04-17,36047,36047-2020-04-17,962,952.4285714285714,885.0,882.0,1038.0,1066.0,703.0,1131.0,-79.42857142857144
242,2020-04-17,36061,36061-2020-04-17,330,357.57142857142856,355.0,429.0,440.0,393.0,252.0,304.0,-16.714285714285722
243,2020-04-17,36081,36081-2020-04-17,1099,1085.0,1139.0,1180.0,1300.0,974.0,916.0,987.0,-40.28571428571422
244,2020-04-17,36085,36085-2020-04-17,279,263.7142857142857,211.0,317.0,290.0,185.0,253.0,311.0,-22.571428571428584
246,2020-04-18,36005,36005-2020-04-18,552,858.2857142857143,916.0,940.0,1068.0,1076.0,693.0,763.0,-33.0
245,2020-04-18,36047,36047-2020-04-18,575,873.0,962.0,885.0,882.0,1038.0,1066.0,703.0,-9.714285714285666
247,2020-04-18,36061,36061-2020-04-18,187,340.85714285714283,330.0,355.0,429.0,440.0,393.0,252.0,-10.857142857142833
248,2020-04-18,36081,36081-2020-04-18,705,1044.7142857142858,1099.0,1139.0,1180.0,1300.0,974.0,916.0,-7.14285714285711
249,2020-04-18,36085,36085-2020-04-18,153,241.14285714285714,279.0,211.0,317.0,290.0,185.0,253.0,-17.0
251,2020-04-19,36005,36005-2020-04-19,532,825.2857142857143,552.0,916.0,940.0,1068.0,1076.0,693.0,41.14285714285711
250,2020-04-19,36047,36047-2020-04-19,635,863.2857142857143,575.0,962.0,885.0,882.0,1038.0,1066.0,-11.85714285714289
252,2020-04-19,36061,36061-2020-04-19,176,330.0,187.0,330.0,355.0,429.0,440.0,393.0,-1.7142857142857224
253,2020-04-19,36081,36081-2020-04-19,866,1037.5714285714287,705.0,1099.0,1139.0,1180.0,1300.0,974.0,35.57142857142844
254,2020-04-19,36085,36085-2020-04-19,134,224.14285714285714,153.0,279.0,211.0,317.0,290.0,185.0,5.571428571428584
256,2020-04-20,36005,36005-2020-04-20,981,866.4285714285714,532.0,552.0,916.0,940.0,1068.0,1076.0,-62.14285714285711
255,2020-04-20,36047,36047-2020-04-20,983,851.4285714285714,635.0,575.0,962.0,885.0,882.0,1038.0,-20.285714285714334
257,2020-04-20,36061,36061-2020-04-20,381,328.2857142857143,176.0,187.0,330.0,355.0,429.0,440.0,-9.857142857142833
258,2020-04-20,36081,36081-2020-04-20,1223,1073.142857142857,866.0,705.0,1099.0,1139.0,1180.0,1300.0,-51.857142857142776
259,2020-04-20,36085,36085-2020-04-20,224,229.71428571428572,134.0,153.0,279.0,211.0,317.0,290.0,-10.571428571428584
261,2020-04-21,36005,36005-2020-04-21,641,804.2857142857143,981.0,532.0,552.0,916.0,940.0,1068.0,-20.142857142857224
260,2020-04-21,36047,36047-2020-04-21,896,831.1428571428571,983.0,635.0,575.0,962.0,885.0,882.0,-4.0
262,2020-04-21,36061,36061-2020-04-21,371,318.42857142857144,381.0,176.0,187.0,330.0,355.0,429.0,-6.714285714285722
263,2020-04-21,36081,36081-2020-04-21,937,1021.2857142857143,1223.0,866.0,705.0,1099.0,1139.0,1180.0,-10.142857142857224
264,2020-04-21,36085,36085-2020-04-21,216,219.14285714285714,224.0,134.0,153.0,279.0,211.0,317.0,-20.571428571428555
266,2020-04-22,36005,36005-2020-04-22,927,784.1428571428571,641.0,981.0,532.0,552.0,916.0,940.0,-29.28571428571422
265,2020-04-22,36047,36047-2020-04-22,854,827.1428571428571,896.0,983.0,635.0,575.0,962.0,885.0,-14.14285714285711
267,2020-04-22,36061,36061-2020-04-22,382,311.7142857142857,371.0,381.0,176.0,187.0,330.0,355.0,6.428571428571445
268,2020-04-22,36081,36081-2020-04-22,1109,1011.1428571428571,937.0,1223.0,866.0,705.0,1099.0,1139.0,-49.428571428571445
269,2020-04-22,36085,36085-2020-04-22,173,198.57142857142858,216.0,224.0,134.0,153.0,279.0,211.0,-12.0
271,2020-04-23,36005,36005-2020-04-23,735,754.8571428571429,927.0,641.0,981.0,532.0,552.0,916.0,-48.142857142857224
270,2020-04-23,36047,36047-2020-04-23,786,813.0,854.0,896.0,983.0,635.0,575.0,962.0,-47.428571428571445
272,2020-04-23,36061,36061-2020-04-23,400,318.14285714285717,382.0,371.0,381.0,176.0,187.0,330.0,11.14285714285711
273,2020-04-23,36081,36081-2020-04-23,793,961.7142857142857,1109.0,937.0,1223.0,866.0,705.0,1099.0,-46.28571428571422
274,2020-04-23,36085,36085-2020-04-23,127,186.57142857142858,173.0,216.0,224.0,134.0,153.0,279.0,-19.428571428571445
276,2020-04-24,36005,36005-2020-04-24,579,706.7142857142857,735.0,927.0,641.0,981.0,532.0,552.0,-19.14285714285711
275,2020-04-24,36047,36047-2020-04-24,630,765.5714285714286,786.0,854.0,896.0,983.0,635.0,575.0,-24.428571428571445
277,2020-04-24,36061,36061-2020-04-24,408,329.2857142857143,400.0,382.0,371.0,381.0,176.0,187.0,-6.0
278,2020-04-24,36081,36081-2020-04-24,775,915.4285714285714,793.0,1109.0,937.0,1223.0,866.0,705.0,-23.571428571428555
279,2020-04-24,36085,36085-2020-04-24,143,167.14285714285714,127.0,173.0,216.0,224.0,134.0,153.0,-9.285714285714278
281,2020-04-25,36005,36005-2020-04-25,418,687.5714285714286,579.0,735.0,927.0,641.0,981.0,532.0,-48.0
280,2020-04-25,36047,36047-2020-04-25,404,741.1428571428571,630.0,786.0,854.0,896.0,983.0,635.0,-43.28571428571422
282,2020-04-25,36061,36061-2020-04-25,145,323.2857142857143,408.0,400.0,382.0,371.0,381.0,176.0,-11.14285714285711
283,2020-04-25,36081,36081-2020-04-25,540,891.8571428571429,775.0,793.0,1109.0,937.0,1223.0,866.0,-76.42857142857144
284,2020-04-25,36085,36085-2020-04-25,88,157.85714285714286,143.0,127.0,173.0,216.0,224.0,134.0,-12.571428571428584
286,2020-04-26,36005,36005-2020-04-26,196,639.5714285714286,418.0,579.0,735.0,927.0,641.0,981.0,-61.428571428571445
285,2020-04-26,36047,36047-2020-04-26,332,697.8571428571429,404.0,630.0,786.0,854.0,896.0,983.0,-53.71428571428578
287,2020-04-26,36061,36061-2020-04-26,98,312.14285714285717,145.0,408.0,400.0,382.0,371.0,381.0,-11.285714285714334
288,2020-04-26,36081,36081-2020-04-26,331,815.4285714285714,540.0,775.0,793.0,1109.0,937.0,1223.0,-71.42857142857144
289,2020-04-26,36085,36085-2020-04-26,46,145.28571428571428,88.0,143.0,127.0,173.0,216.0,224.0,-16.714285714285694
291,2020-04-27,36005,36005-2020-04-27,551,578.1428571428571,196.0,418.0,579.0,735.0,927.0,641.0,3.8571428571428896
290,2020-04-27,36047,36047-2020-04-27,607,644.1428571428571,332.0,404.0,630.0,786.0,854.0,896.0,-26.714285714285666
292,2020-04-27,36061,36061-2020-04-27,302,300.85714285714283,98.0,145.0,408.0,400.0,382.0,371.0,-6.857142857142833
293,2020-04-27,36081,36081-2020-04-27,723,744.0,331.0,540.0,775.0,793.0,1109.0,937.0,-5.85714285714289
294,2020-04-27,36085,36085-2020-04-27,107,128.57142857142858,46.0,88.0,143.0,127.0,173.0,216.0,-12.285714285714292
296,2020-04-28,36005,36005-2020-04-28,668,582.0,551.0,196.0,418.0,579.0,735.0,927.0,-52.85714285714289
295,2020-04-28,36047,36047-2020-04-28,709,617.4285714285714,607.0,332.0,404.0,630.0,786.0,854.0,-24.428571428571445
297,2020-04-28,36061,36061-2020-04-28,323,294.0,302.0,98.0,145.0,408.0,400.0,382.0,-13.857142857142833
298,2020-04-28,36081,36081-2020-04-28,896,738.1428571428571,723.0,331.0,540.0,775.0,793.0,1109.0,-59.714285714285666
299,2020-04-28,36085,36085-2020-04-28,130,116.28571428571429,107.0,46.0,88.0,143.0,127.0,173.0,-7.142857142857153
301,2020-04-29,36005,36005-2020-04-29,557,529.1428571428571,668.0,551.0,196.0,418.0,579.0,735.0,-36.14285714285711
300,2020-04-29,36047,36047-2020-04-29,683,593.0,709.0,607.0,332.0,404.0,630.0,786.0,-26.571428571428555
302,2020-04-29,36061,36061-2020-04-29,285,280.14285714285717,323.0,302.0,98.0,145.0,408.0,400.0,-26.142857142857167
303,2020-04-29,36081,36081-2020-04-29,691,678.4285714285714,896.0,723.0,331.0,540.0,775.0,793.0,-28.71428571428578
304,2020-04-29,36085,36085-2020-04-29,123,109.14285714285714,130.0,107.0,46.0,88.0,143.0,127.0,0.4285714285714306
306,2020-04-30,36005,36005-2020-04-30,482,493.0,557.0,668.0,551.0,196.0,418.0,579.0,-18.428571428571445
305,2020-04-30,36047,36047-2020-04-30,600,566.4285714285714,683.0,709.0,607.0,332.0,404.0,630.0,-19.0
307,2020-04-30,36061,36061-2020-04-30,217,254.0,285.0,323.0,302.0,98.0,145.0,408.0,-24.0
308,2020-04-30,36081,36081-2020-04-30,592,649.7142857142857,691.0,896.0,723.0,331.0,540.0,775.0,-22.0
309,2020-04-30,36085,36085-2020-04-30,130,109.57142857142857,123.0,130.0,107.0,46.0,88.0,143.0,-9.285714285714278
311,2020-05-01,36005,36005-2020-05-01,450,474.57142857142856,482.0,557.0,668.0,551.0,196.0,418.0,-22.14285714285711
310,2020-05-01,36047,36047-2020-05-01,497,547.4285714285714,600.0,683.0,709.0,607.0,332.0,404.0,-20.14285714285711
312,2020-05-01,36061,36061-2020-05-01,240,230.0,217.0,285.0,323.0,302.0,98.0,145.0,-1.0
313,2020-05-01,36081,36081-2020-05-01,621,627.7142857142857,592.0,691.0,896.0,723.0,331.0,540.0,-29.571428571428555
314,2020-05-01,36085,36085-2020-05-01,78,100.28571428571429,130.0,123.0,130.0,107.0,46.0,88.0,-3.857142857142861
316,2020-05-02,36005,36005-2020-05-02,263,452.42857142857144,450.0,482.0,557.0,668.0,551.0,196.0,-6.142857142857167
315,2020-05-02,36047,36047-2020-05-02,263,527.2857142857143,497.0,600.0,683.0,709.0,607.0,332.0,-12.428571428571445
317,2020-05-02,36061,36061-2020-05-02,138,229.0,240.0,217.0,285.0,323.0,302.0,98.0,0.7142857142857224
318,2020-05-02,36081,36081-2020-05-02,333,598.1428571428571,621.0,592.0,691.0,896.0,723.0,331.0,-11.428571428571445
319,2020-05-02,36085,36085-2020-05-02,61,96.42857142857143,78.0,130.0,123.0,130.0,107.0,46.0,-1.5714285714285694
321,2020-05-03,36005,36005-2020-05-03,153,446.2857142857143,263.0,450.0,482.0,557.0,668.0,551.0,-28.857142857142833
320,2020-05-03,36047,36047-2020-05-03,245,514.8571428571429,263.0,497.0,600.0,683.0,709.0,607.0,-20.85714285714289
322,2020-05-03,36061,36061-2020-05-03,103,229.71428571428572,138.0,240.0,217.0,285.0,323.0,302.0,-12.571428571428584
323,2020-05-03,36081,36081-2020-05-03,251,586.7142857142857,333.0,621.0,592.0,691.0,896.0,723.0,-40.857142857142776
324,2020-05-03,36085,36085-2020-05-03,35,94.85714285714286,61.0,78.0,130.0,123.0,130.0,107.0,-2.7142857142857224
326,2020-05-04,36005,36005-2020-05-04,349,417.42857142857144,153.0,263.0,450.0,482.0,557.0,668.0,-53.428571428571445
325,2020-05-04,36047,36047-2020-05-04,461,494.0,245.0,263.0,497.0,600.0,683.0,709.0,-39.571428571428555
327,2020-05-04,36061,36061-2020-05-04,214,217.14285714285714,103.0,138.0,240.0,217.0,285.0,323.0,-11.571428571428555
328,2020-05-04,36081,36081-2020-05-04,437,545.8571428571429,251.0,333.0,621.0,592.0,691.0,896.0,-62.00000000000006
329,2020-05-04,36085,36085-2020-05-04,88,92.14285714285714,35.0,61.0,78.0,130.0,123.0,130.0,-6.857142857142847
331,2020-05-05,36005,36005-2020-05-05,294,364.0,349.0,153.0,263.0,450.0,482.0,557.0,-39.71428571428572
330,2020-05-05,36047,36047-2020-05-05,432,454.42857142857144,461.0,245.0,263.0,497.0,600.0,683.0,-33.28571428571428
332,2020-05-05,36061,36061-2020-05-05,242,205.57142857142858,214.0,103.0,138.0,240.0,217.0,285.0,-17.142857142857167
333,2020-05-05,36081,36081-2020-05-05,462,483.85714285714283,437.0,251.0,333.0,621.0,592.0,691.0,-35.42857142857139
334,2020-05-05,36085,36085-2020-05-05,82,85.28571428571429,88.0,35.0,61.0,78.0,130.0,123.0,-9.0
336,2020-05-06,36005,36005-2020-05-06,279,324.2857142857143,294.0,349.0,153.0,263.0,450.0,482.0,-26.285714285714278
335,2020-05-06,36047,36047-2020-05-06,450,421.14285714285717,432.0,461.0,245.0,263.0,497.0,600.0,-28.142857142857167
337,2020-05-06,36061,36061-2020-05-06,165,188.42857142857142,242.0,214.0,103.0,138.0,240.0,217.0,-14.0
338,2020-05-06,36081,36081-2020-05-06,443,448.42857142857144,462.0,437.0,251.0,333.0,621.0,592.0,-33.428571428571445
339,2020-05-06,36085,36085-2020-05-06,60,76.28571428571429,82.0,88.0,35.0,61.0,78.0,130.0,-10.0
341,2020-05-07,36005,36005-2020-05-07,298,298.0,279.0,294.0,349.0,153.0,263.0,450.0,-28.571428571428555
340,2020-05-07,36047,36047-2020-05-07,403,393.0,450.0,432.0,461.0,245.0,263.0,497.0,-21.857142857142833
342,2020-05-07,36061,36061-2020-05-07,119,174.42857142857142,165.0,242.0,214.0,103.0,138.0,240.0,-20.14285714285714
343,2020-05-07,36081,36081-2020-05-07,358,415.0,443.0,462.0,437.0,251.0,333.0,621.0,-39.571428571428555
344,2020-05-07,36085,36085-2020-05-07,60,66.28571428571429,60.0,82.0,88.0,35.0,61.0,78.0,-5.142857142857146
346,2020-05-08,36005,36005-2020-05-08,250,269.42857142857144,298.0,279.0,294.0,349.0,153.0,263.0,-12.571428571428612
345,2020-05-08,36047,36047-2020-05-08,344,371.14285714285717,403.0,450.0,432.0,461.0,245.0,263.0,-20.571428571428612
347,2020-05-08,36061,36061-2020-05-08,99,154.28571428571428,119.0,165.0,242.0,214.0,103.0,138.0,-9.0
348,2020-05-08,36081,36081-2020-05-08,344,375.42857142857144,358.0,443.0,462.0,437.0,251.0,333.0,-11.0
349,2020-05-08,36085,36085-2020-05-08,42,61.142857142857146,60.0,60.0,82.0,88.0,35.0,61.0,-4.142857142857146
351,2020-05-09,36005,36005-2020-05-09,175,256.85714285714283,250.0,298.0,279.0,294.0,349.0,153.0,-11.14285714285711
350,2020-05-09,36047,36047-2020-05-09,119,350.57142857142856,344.0,403.0,450.0,432.0,461.0,245.0,-8.14285714285711
352,2020-05-09,36061,36061-2020-05-09,75,145.28571428571428,99.0,119.0,165.0,242.0,214.0,103.0,-1.1428571428571388
353,2020-05-09,36081,36081-2020-05-09,256,364.42857142857144,344.0,358.0,443.0,462.0,437.0,251.0,-23.714285714285722
354,2020-05-09,36085,36085-2020-05-09,32,57.0,42.0,60.0,60.0,82.0,88.0,35.0,-3.0
356,2020-05-10,36005,36005-2020-05-10,75,245.71428571428572,175.0,250.0,298.0,279.0,294.0,349.0,-17.571428571428584
355,2020-05-10,36047,36047-2020-05-10,188,342.42857142857144,119.0,344.0,403.0,450.0,432.0,461.0,-7.285714285714278
357,2020-05-10,36061,36061-2020-05-10,95,144.14285714285714,75.0,99.0,119.0,165.0,242.0,214.0,-3.142857142857139
358,2020-05-10,36081,36081-2020-05-10,85,340.7142857142857,256.0,344.0,358.0,443.0,462.0,437.0,-8.714285714285722
359,2020-05-10,36085,36085-2020-05-10,14,54.0,32.0,42.0,60.0,60.0,82.0,88.0,-8.714285714285715
361,2020-05-11,36005,36005-2020-05-11,226,228.14285714285714,75.0,175.0,250.0,298.0,279.0,294.0,8.714285714285722
360,2020-05-11,36047,36047-2020-05-11,410,335.14285714285717,188.0,119.0,344.0,403.0,450.0,432.0,-4.571428571428612
362,2020-05-11,36061,36061-2020-05-11,192,141.0,95.0,75.0,99.0,119.0,165.0,242.0,-11.285714285714278
363,2020-05-11,36081,36081-2020-05-11,376,332.0,85.0,256.0,344.0,358.0,443.0,462.0,-21.142857142857167
364,2020-05-11,36085,36085-2020-05-11,27,45.285714285714285,14.0,32.0,42.0,60.0,60.0,82.0,-4.142857142857139
366,2020-05-12,36005,36005-2020-05-12,355,236.85714285714286,226.0,75.0,175.0,250.0,298.0,279.0,25.99999999999997
365,2020-05-12,36047,36047-2020-05-12,400,330.57142857142856,410.0,188.0,119.0,344.0,403.0,450.0,-12.571428571428555
367,2020-05-12,36061,36061-2020-05-12,163,129.71428571428572,192.0,95.0,75.0,99.0,119.0,165.0,-1.285714285714306
368,2020-05-12,36081,36081-2020-05-12,314,310.85714285714283,376.0,85.0,256.0,344.0,358.0,443.0,-19.428571428571388
369,2020-05-12,36085,36085-2020-05-12,53,41.142857142857146,27.0,14.0,32.0,42.0,60.0,60.0,-1.8571428571428612
371,2020-05-13,36005,36005-2020-05-13,461,262.85714285714283,355.0,226.0,75.0,175.0,250.0,298.0,-6.0
370,2020-05-13,36047,36047-2020-05-13,362,318.0,400.0,410.0,188.0,119.0,344.0,403.0,-10.142857142857167
372,2020-05-13,36061,36061-2020-05-13,156,128.42857142857142,163.0,192.0,95.0,75.0,99.0,119.0,4.285714285714306
373,2020-05-13,36081,36081-2020-05-13,307,291.42857142857144,314.0,376.0,85.0,256.0,344.0,358.0,-3.7142857142857224
374,2020-05-13,36085,36085-2020-05-13,47,39.285714285714285,53.0,27.0,14.0,32.0,42.0,60.0,-2.5714285714285694
376,2020-05-14,36005,36005-2020-05-14,256,256.85714285714283,461.0,355.0,226.0,75.0,175.0,250.0,-9.857142857142833
375,2020-05-14,36047,36047-2020-05-14,332,307.85714285714283,362.0,400.0,410.0,188.0,119.0,344.0,-12.14285714285711
377,2020-05-14,36061,36061-2020-05-14,149,132.71428571428572,156.0,163.0,192.0,95.0,75.0,99.0,5.142857142857139
378,2020-05-14,36081,36081-2020-05-14,332,287.7142857142857,307.0,314.0,376.0,85.0,256.0,344.0,-11.285714285714278
379,2020-05-14,36085,36085-2020-05-14,42,36.714285714285715,47.0,53.0,27.0,14.0,32.0,42.0,-1.2857142857142847
381,2020-05-15,36005,36005-2020-05-15,181,247.0,256.0,461.0,355.0,226.0,75.0,175.0,-9.571428571428584
380,2020-05-15,36047,36047-2020-05-15,259,295.7142857142857,332.0,362.0,400.0,410.0,188.0,119.0,6.571428571428555
382,2020-05-15,36061,36061-2020-05-15,135,137.85714285714286,149.0,156.0,163.0,192.0,95.0,75.0,-3.428571428571445
383,2020-05-15,36081,36081-2020-05-15,265,276.42857142857144,332.0,307.0,314.0,376.0,85.0,256.0,-17.142857142857167
384,2020-05-15,36085,36085-2020-05-15,33,35.42857142857143,42.0,47.0,53.0,27.0,14.0,32.0,-1.0
386,2020-05-16,36005,36005-2020-05-16,108,237.42857142857142,181.0,256.0,461.0,355.0,226.0,75.0,-2.714285714285694
385,2020-05-16,36047,36047-2020-05-16,165,302.2857142857143,259.0,332.0,362.0,400.0,410.0,188.0,-7.14285714285711
387,2020-05-16,36061,36061-2020-05-16,51,134.42857142857142,135.0,149.0,156.0,163.0,192.0,95.0,-6.428571428571416
388,2020-05-16,36081,36081-2020-05-16,136,259.2857142857143,265.0,332.0,307.0,314.0,376.0,85.0,3.0
389,2020-05-16,36085,36085-2020-05-16,25,34.42857142857143,33.0,42.0,47.0,53.0,27.0,14.0,-0.5714285714285765
391,2020-05-17,36005,36005-2020-05-17,56,234.71428571428572,108.0,181.0,256.0,461.0,355.0,226.0,-5.571428571428584
390,2020-05-17,36047,36047-2020-05-17,138,295.14285714285717,165.0,259.0,332.0,362.0,400.0,410.0,-20.571428571428612
392,2020-05-17,36061,36061-2020-05-17,50,128.0,51.0,135.0,149.0,156.0,163.0,192.0,-9.142857142857139
393,2020-05-17,36081,36081-2020-05-17,106,262.2857142857143,136.0,265.0,332.0,307.0,314.0,376.0,-14.428571428571416
394,2020-05-17,36085,36085-2020-05-17,10,33.857142857142854,25.0,33.0,42.0,47.0,53.0,27.0,1.5714285714285765
396,2020-05-18,36005,36005-2020-05-18,187,229.14285714285714,56.0,108.0,181.0,256.0,461.0,355.0,-24.714285714285722
395,2020-05-18,36047,36047-2020-05-18,266,274.57142857142856,138.0,165.0,259.0,332.0,362.0,400.0,-10.571428571428555
397,2020-05-18,36061,36061-2020-05-18,128,118.85714285714286,50.0,51.0,135.0,149.0,156.0,163.0,0.2857142857142776
398,2020-05-18,36081,36081-2020-05-18,275,247.85714285714286,106.0,136.0,265.0,332.0,307.0,314.0,-3.857142857142861
399,2020-05-18,36085,36085-2020-05-18,38,35.42857142857143,10.0,25.0,33.0,42.0,47.0,53.0,-1.5714285714285765
401,2020-05-19,36005,36005-2020-05-19,182,204.42857142857142,187.0,56.0,108.0,181.0,256.0,461.0,-26.14285714285714
400,2020-05-19,36047,36047-2020-05-19,326,264.0,266.0,138.0,165.0,259.0,332.0,362.0,-5.571428571428555
402,2020-05-19,36061,36061-2020-05-19,165,119.14285714285714,128.0,50.0,51.0,135.0,149.0,156.0,1.142857142857153
403,2020-05-19,36081,36081-2020-05-19,287,244.0,275.0,106.0,136.0,265.0,332.0,307.0,-7.285714285714278
404,2020-05-19,36085,36085-2020-05-19,42,33.857142857142854,38.0,10.0,25.0,33.0,42.0,47.0,1.2857142857142918
406,2020-05-20,36005,36005-2020-05-20,278,178.28571428571428,182.0,187.0,56.0,108.0,181.0,256.0,-8.142857142857139
405,2020-05-20,36047,36047-2020-05-20,323,258.42857142857144,326.0,266.0,138.0,165.0,259.0,332.0,0.5714285714285552
407,2020-05-20,36061,36061-2020-05-20,164,120.28571428571429,165.0,128.0,50.0,51.0,135.0,149.0,-0.5714285714285836
408,2020-05-20,36081,36081-2020-05-20,256,236.71428571428572,287.0,275.0,106.0,136.0,265.0,332.0,-3.0
409,2020-05-20,36085,36085-2020-05-20,56,35.142857142857146,42.0,38.0,10.0,25.0,33.0,42.0,5.142857142857139
411,2020-05-21,36005,36005-2020-05-21,199,170.14285714285714,278.0,182.0,187.0,56.0,108.0,181.0,11.857142857142861
410,2020-05-21,36047,36047-2020-05-21,336,259.0,323.0,326.0,266.0,138.0,165.0,259.0,13.0
412,2020-05-21,36061,36061-2020-05-21,145,119.71428571428571,164.0,165.0,128.0,50.0,51.0,135.0,2.5714285714285836
413,2020-05-21,36081,36081-2020-05-21,311,233.71428571428572,256.0,287.0,275.0,106.0,136.0,265.0,-4.0
414,2020-05-21,36085,36085-2020-05-21,78,40.285714285714285,56.0,42.0,38.0,10.0,25.0,33.0,-0.1428571428571388
416,2020-05-22,36005,36005-2020-05-22,264,182.0,199.0,278.0,182.0,187.0,56.0,108.0,-2.5714285714285836
415,2020-05-22,36047,36047-2020-05-22,350,272.0,336.0,323.0,326.0,266.0,138.0,165.0,-3.142857142857167
417,2020-05-22,36061,36061-2020-05-22,153,122.28571428571429,145.0,164.0,165.0,128.0,50.0,51.0,-0.5714285714285836
418,2020-05-22,36081,36081-2020-05-22,237,229.71428571428572,311.0,256.0,287.0,275.0,106.0,136.0,0.2857142857142776
419,2020-05-22,36085,36085-2020-05-22,32,40.142857142857146,78.0,56.0,42.0,38.0,10.0,25.0,1.7142857142857082
421,2020-05-23,36005,36005-2020-05-23,90,179.42857142857142,264.0,199.0,278.0,182.0,187.0,56.0,6.428571428571445
420,2020-05-23,36047,36047-2020-05-23,143,268.85714285714283,350.0,336.0,323.0,326.0,266.0,138.0,3.2857142857143344
422,2020-05-23,36061,36061-2020-05-23,47,121.71428571428571,153.0,145.0,164.0,165.0,128.0,50.0,2.7142857142857224
423,2020-05-23,36081,36081-2020-05-23,138,230.0,237.0,311.0,256.0,287.0,275.0,106.0,2.142857142857139
424,2020-05-23,36085,36085-2020-05-23,37,41.857142857142854,32.0,78.0,56.0,42.0,38.0,10.0,0.7142857142857153
426,2020-05-24,36005,36005-2020-05-24,101,185.85714285714286,90.0,264.0,199.0,278.0,182.0,187.0,-12.0
425,2020-05-24,36047,36047-2020-05-24,161,272.14285714285717,143.0,350.0,336.0,323.0,326.0,266.0,-15.142857142857167
427,2020-05-24,36061,36061-2020-05-24,69,124.42857142857143,47.0,153.0,145.0,164.0,165.0,128.0,-8.42857142857143
428,2020-05-24,36081,36081-2020-05-24,121,232.14285714285714,138.0,237.0,311.0,256.0,287.0,275.0,-22.714285714285722
429,2020-05-24,36085,36085-2020-05-24,15,42.57142857142857,37.0,32.0,78.0,56.0,42.0,38.0,-3.142857142857139
431,2020-05-25,36005,36005-2020-05-25,103,173.85714285714286,101.0,90.0,264.0,199.0,278.0,182.0,14.428571428571416
430,2020-05-25,36047,36047-2020-05-25,160,257.0,161.0,143.0,350.0,336.0,323.0,326.0,-1.8571428571428612
432,2020-05-25,36061,36061-2020-05-25,69,116.0,69.0,47.0,153.0,145.0,164.0,165.0,-5.428571428571431
433,2020-05-25,36081,36081-2020-05-25,116,209.42857142857142,121.0,138.0,237.0,311.0,256.0,287.0,-2.571428571428555
434,2020-05-25,36085,36085-2020-05-25,16,39.42857142857143,15.0,37.0,32.0,78.0,56.0,42.0,2.2857142857142847
436,2020-05-26,36005,36005-2020-05-26,283,188.28571428571428,103.0,101.0,90.0,264.0,199.0,278.0,-13.428571428571416
435,2020-05-26,36047,36047-2020-05-26,313,255.14285714285714,160.0,161.0,143.0,350.0,336.0,323.0,-11.714285714285722
437,2020-05-26,36061,36061-2020-05-26,127,110.57142857142857,69.0,69.0,47.0,153.0,145.0,164.0,-8.142857142857139
438,2020-05-26,36081,36081-2020-05-26,269,206.85714285714286,116.0,121.0,138.0,237.0,311.0,256.0,-13.0
439,2020-05-26,36085,36085-2020-05-26,58,41.714285714285715,16.0,15.0,37.0,32.0,78.0,56.0,-1.8571428571428612
441,2020-05-27,36005,36005-2020-05-27,184,174.85714285714286,283.0,103.0,101.0,90.0,264.0,199.0,-11.428571428571445
440,2020-05-27,36047,36047-2020-05-27,241,243.42857142857142,313.0,160.0,161.0,143.0,350.0,336.0,-16.714285714285694
442,2020-05-27,36061,36061-2020-05-27,107,102.42857142857143,127.0,69.0,69.0,47.0,153.0,145.0,-6.857142857142861
443,2020-05-27,36081,36081-2020-05-27,165,193.85714285714286,269.0,116.0,121.0,138.0,237.0,311.0,-18.571428571428584
444,2020-05-27,36085,36085-2020-05-27,43,39.857142857142854,58.0,16.0,15.0,37.0,32.0,78.0,-6.857142857142854
446,2020-05-28,36005,36005-2020-05-28,119,163.42857142857142,184.0,283.0,103.0,101.0,90.0,264.0,-14.285714285714278
445,2020-05-28,36047,36047-2020-05-28,219,226.71428571428572,241.0,313.0,160.0,161.0,143.0,350.0,-27.0
447,2020-05-28,36061,36061-2020-05-28,97,95.57142857142857,107.0,127.0,69.0,69.0,47.0,153.0,-11.285714285714278
448,2020-05-28,36081,36081-2020-05-28,181,175.28571428571428,165.0,269.0,116.0,121.0,138.0,237.0,-3.571428571428555
449,2020-05-28,36085,36085-2020-05-28,30,33.0,43.0,58.0,16.0,15.0,37.0,32.0,-0.7142857142857153
451,2020-05-29,36005,36005-2020-05-29,164,149.14285714285714,119.0,184.0,283.0,103.0,101.0,90.0,-1.1428571428571388
450,2020-05-29,36047,36047-2020-05-29,161,199.71428571428572,219.0,241.0,313.0,160.0,161.0,143.0,-6.0
452,2020-05-29,36061,36061-2020-05-29,74,84.28571428571429,97.0,107.0,127.0,69.0,69.0,47.0,-1.2857142857142918
453,2020-05-29,36081,36081-2020-05-29,212,171.71428571428572,181.0,165.0,269.0,116.0,121.0,138.0,-4.0
454,2020-05-29,36085,36085-2020-05-29,27,32.285714285714285,30.0,43.0,58.0,16.0,15.0,37.0,-3.1428571428571423
456,2020-05-30,36005,36005-2020-05-30,82,148.0,164.0,119.0,184.0,283.0,103.0,101.0,-0.0
455,2020-05-30,36047,36047-2020-05-30,101,193.71428571428572,161.0,219.0,241.0,313.0,160.0,161.0,-0.0
457,2020-05-30,36061,36061-2020-05-30,38,83.0,74.0,97.0,107.0,127.0,69.0,69.0,-0.0
458,2020-05-30,36081,36081-2020-05-30,110,167.71428571428572,212.0,181.0,165.0,269.0,116.0,121.0,-0.0
459,2020-05-30,36085,36085-2020-05-30,15,29.142857142857142,27.0,30.0,43.0,58.0,16.0,15.0,-0.0
