index,date_of_interest,FIPS,node_key,DEATH_COUNT,DEATH_COUNT_7DAY_AVG,DEATH_COUNT_PREV_0,DEATH_COUNT_PREV_1,DEATH_COUNT_PREV_2,DEATH_COUNT_PREV_3,DEATH_COUNT_PREV_4,DEATH_COUNT_PREV_5,DEATH_DELTA
1,2020-02-29,36005,36005-2020-02-29,0,0.0,0.0,0.0,0.0,0.0,0.0,0.0,-0.0
0,2020-02-29,36047,36047-2020-02-29,0,0.0,0.0,0.0,0.0,0.0,0.0,0.0,-0.0
2,2020-02-29,36061,36061-2020-02-29,0,0.0,0.0,0.0,0.0,0.0,0.0,0.0,-0.0
3,2020-02-29,36081,36081-2020-02-29,0,0.0,0.0,0.0,0.0,0.0,0.0,0.0,-0.0
4,2020-02-29,36085,36085-2020-02-29,0,0.0,0.0,0.0,0.0,0.0,0.0,0.0,-0.0
6,2020-03-01,36005,36005-2020-03-01,0,0.0,0.0,0.0,0.0,0.0,0.0,0.0,-0.0
5,2020-03-01,36047,36047-2020-03-01,0,0.0,0.0,0.0,0.0,0.0,0.0,0.0,-0.0
7,2020-03-01,36061,36061-2020-03-01,0,0.0,0.0,0.0,0.0,0.0,0.0,0.0,-0.0
8,2020-03-01,36081,36081-2020-03-01,0,0.0,0.0,0.0,0.0,0.0,0.0,0.0,-0.0
9,2020-03-01,36085,36085-2020-03-01,0,0.0,0.0,0.0,0.0,0.0,0.0,0.0,-0.0
11,2020-03-02,36005,36005-2020-03-02,0,0.0,0.0,0.0,0.0,0.0,0.0,0.0,-0.0
10,2020-03-02,36047,36047-2020-03-02,0,0.0,0.0,0.0,0.0,0.0,0.0,0.0,-0.0
12,2020-03-02,36061,36061-2020-03-02,0,0.0,0.0,0.0,0.0,0.0,0.0,0.0,-0.0
13,2020-03-02,36081,36081-2020-03-02,0,0.0,0.0,0.0,0.0,0.0,0.0,0.0,-0.0
14,2020-03-02,36085,36085-2020-03-02,0,0.0,0.0,0.0,0.0,0.0,0.0,0.0,-0.0
16,2020-03-03,36005,36005-2020-03-03,0,0.0,0.0,0.0,0.0,0.0,0.0,0.0,-0.0
15,2020-03-03,36047,36047-2020-03-03,0,0.0,0.0,0.0,0.0,0.0,0.0,0.0,-0.0
17,2020-03-03,36061,36061-2020-03-03,0,0.0,0.0,0.0,0.0,0.0,0.0,0.0,-0.0
18,2020-03-03,36081,36081-2020-03-03,0,0.0,0.0,0.0,0.0,0.0,0.0,0.0,-0.0
19,2020-03-03,36085,36085-2020-03-03,0,0.0,0.0,0.0,0.0,0.0,0.0,0.0,-0.0
21,2020-03-04,36005,36005-2020-03-04,0,0.0,0.0,0.0,0.0,0.0,0.0,0.0,-0.0
20,2020-03-04,36047,36047-2020-03-04,0,0.0,0.0,0.0,0.0,0.0,0.0,0.0,-0.0
22,2020-03-04,36061,36061-2020-03-04,0,0.0,0.0,0.0,0.0,0.0,0.0,0.0,-0.0
23,2020-03-04,36081,36081-2020-03-04,0,0.0,0.0,0.0,0.0,0.0,0.0,0.0,-0.0
24,2020-03-04,36085,36085-2020-03-04,0,0.0,0.0,0.0,0.0,0.0,0.0,0.0,-0.0
26,2020-03-05,36005,36005-2020-03-05,0,0.0,0.0,0.0,0.0,0.0,0.0,0.0,-0.0
25,2020-03-05,36047,36047-2020-03-05,0,0.0,0.0,0.0,0.0,0.0,0.0,0.0,-0.0
27,2020-03-05,36061,36061-2020-03-05,0,0.0,0.0,0.0,0.0,0.0,0.0,0.0,-0.0
28,2020-03-05,36081,36081-2020-03-05,0,0.0,0.0,0.0,0.0,0.0,0.0,0.0,-0.0
29,2020-03-05,36085,36085-2020-03-05,0,0.0,0.0,0.0,0.0,0.0,0.0,0.0,-0.0
31,2020-03-06,36005,36005-2020-03-06,0,0.0,0.0,0.0,0.0,0.0,0.0,0.0,-0.0
30,2020-03-06,36047,36047-2020-03-06,0,0.0,0.0,0.0,0.0,0.0,0.0,0.0,-0.0
32,2020-03-06,36061,36061-2020-03-06,0,0.0,0.0,0.0,0.0,0.0,0.0,0.0,-0.0
33,2020-03-06,36081,36081-2020-03-06,0,0.0,0.0,0.0,0.0,0.0,0.0,0.0,-0.0
34,2020-03-06,36085,36085-2020-03-06,0,0.0,0.0,0.0,0.0,0.0,0.0,0.0,-0.0
36,2020-03-07,36005,36005-2020-03-07,0,0.0,0.0,0.0,0.0,0.0,0.0,0.0,-0.0
35,2020-03-07,36047,36047-2020-03-07,0,0.0,0.0,0.0,0.0,0.0,0.0,0.0,-0.0
37,2020-03-07,36061,36061-2020-03-07,0,0.0,0.0,0.0,0.0,0.0,0.0,0.0,-0.0
38,2020-03-07,36081,36081-2020-03-07,0,0.0,0.0,0.0,0.0,0.0,0.0,0.0,-0.0
39,2020-03-07,36085,36085-2020-03-07,0,0.0,0.0,0.0,0.0,0.0,0.0,0.0,-0.0
41,2020-03-08,36005,36005-2020-03-08,0,0.0,0.0,0.0,0.0,0.0,0.0,0.0,-0.0
40,2020-03-08,36047,36047-2020-03-08,0,0.0,0.0,0.0,0.0,0.0,0.0,0.0,-0.0
42,2020-03-08,36061,36061-2020-03-08,0,0.0,0.0,0.0,0.0,0.0,0.0,0.0,-0.0
43,2020-03-08,36081,36081-2020-03-08,0,0.0,0.0,0.0,0.0,0.0,0.0,0.0,-0.0
44,2020-03-08,36085,36085-2020-03-08,0,0.0,0.0,0.0,0.0,0.0,0.0,0.0,-0.0
46,2020-03-09,36005,36005-2020-03-09,0,0.0,0.0,0.0,0.0,0.0,0.0,0.0,-0.0
45,2020-03-09,36047,36047-2020-03-09,0,0.0,0.0,0.0,0.0,0.0,0.0,0.0,-0.0
47,2020-03-09,36061,36061-2020-03-09,0,0.0,0.0,0.0,0.0,0.0,0.0,0.0,-0.0
48,2020-03-09,36081,36081-2020-03-09,0,0.0,0.0,0.0,0.0,0.0,0.0,0.0,-0.0
49,2020-03-09,36085,36085-2020-03-09,0,0.0,0.0,0.0,0.0,0.0,0.0,0.0,-0.0
51,2020-03-10,36005,36005-2020-03-10,0,0.0,0.0,0.0,0.0,0.0,0.0,0.0,-0.0
50,2020-03-10,36047,36047-2020-03-10,0,0.0,0.0,0.0,0.0,0.0,0.0,0.0,-0.0
52,2020-03-10,36061,36061-2020-03-10,0,0.0,0.0,0.0,0.0,0.0,0.0,0.0,-0.0
53,2020-03-10,36081,36081-2020-03-10,0,0.0,0.0,0.0,0.0,0.0,0.0,0.0,0.14285714285714285
54,2020-03-10,36085,36085-2020-03-10,0,0.0,0.0,0.0,0.0,0.0,0.0,0.0,-0.0
56,2020-03-11,36005,36005-2020-03-11,0,0.0,0.0,0.0,0.0,0.0,0.0,0.0,-0.0
55,2020-03-11,36047,36047-2020-03-11,0,0.0,0.0,0.0,0.0,0.0,0.0,0.0,-0.0
57,2020-03-11,36061,36061-2020-03-11,0,0.0,0.0,0.0,0.0,0.0,0.0,0.0,-0.0
58,2020-03-11,36081,36081-2020-03-11,1,0.14285714285714285,0.0,0.0,0.0,0.0,0.0,0.0,-0.0
59,2020-03-11,36085,36085-2020-03-11,0,0.0,0.0,0.0,0.0,0.0,0.0,0.0,-0.0
61,2020-03-12,36005,36005-2020-03-12,0,0.0,0.0,0.0,0.0,0.0,0.0,0.0,-0.0
60,2020-03-12,36047,36047-2020-03-12,0,0.0,0.0,0.0,0.0,0.0,0.0,0.0,-0.0
62,2020-03-12,36061,36061-2020-03-12,0,0.0,0.0,0.0,0.0,0.0,0.0,0.0,-0.0
63,2020-03-12,36081,36081-2020-03-12,0,0.14285714285714285,1.0,0.0,0.0,0.0,0.0,0.0,-0.0
64,2020-03-12,36085,36085-2020-03-12,0,0.0,0.0,0.0,0.0,0.0,0.0,0.0,-0.0
66,2020-03-13,36005,36005-2020-03-13,0,0.0,0.0,0.0,0.0,0.0,0.0,0.0,-0.0
65,2020-03-13,36047,36047-2020-03-13,0,0.0,0.0,0.0,0.0,0.0,0.0,0.0,0.14285714285714285
67,2020-03-13,36061,36061-2020-03-13,0,0.0,0.0,0.0,0.0,0.0,0.0,0.0,0.14285714285714285
68,2020-03-13,36081,36081-2020-03-13,0,0.14285714285714285,0.0,1.0,0.0,0.0,0.0,0.0,0.14285714285714285
69,2020-03-13,36085,36085-2020-03-13,0,0.0,0.0,0.0,0.0,0.0,0.0,0.0,-0.0
71,2020-03-14,36005,36005-2020-03-14,0,0.0,0.0,0.0,0.0,0.0,0.0,0.0,0.14285714285714285
70,2020-03-14,36047,36047-2020-03-14,1,0.14285714285714285,0.0,0.0,0.0,0.0,0.0,0.0,-0.0
72,2020-03-14,36061,36061-2020-03-14,1,0.14285714285714285,0.0,0.0,0.0,0.0,0.0,0.0,0.2857142857142857
73,2020-03-14,36081,36081-2020-03-14,1,0.2857142857142857,0.0,0.0,1.0,0.0,0.0,0.0,0.14285714285714285
74,2020-03-14,36085,36085-2020-03-14,0,0.0,0.0,0.0,0.0,0.0,0.0,0.0,-0.0
76,2020-03-15,36005,36005-2020-03-15,1,0.14285714285714285,0.0,0.0,0.0,0.0,0.0,0.0,0.42857142857142855
75,2020-03-15,36047,36047-2020-03-15,0,0.14285714285714285,1.0,0.0,0.0,0.0,0.0,0.0,0.2857142857142857
77,2020-03-15,36061,36061-2020-03-15,2,0.42857142857142855,1.0,0.0,0.0,0.0,0.0,0.0,-0.0
78,2020-03-15,36081,36081-2020-03-15,1,0.42857142857142855,1.0,0.0,0.0,1.0,0.0,0.0,0.5714285714285714
79,2020-03-15,36085,36085-2020-03-15,0,0.0,0.0,0.0,0.0,0.0,0.0,0.0,-0.0
81,2020-03-16,36005,36005-2020-03-16,3,0.5714285714285714,1.0,0.0,0.0,0.0,0.0,0.0,0.1428571428571429
80,2020-03-16,36047,36047-2020-03-16,2,0.42857142857142855,0.0,1.0,0.0,0.0,0.0,0.0,1.0
82,2020-03-16,36061,36061-2020-03-16,0,0.42857142857142855,2.0,1.0,0.0,0.0,0.0,0.0,-0.0
83,2020-03-16,36081,36081-2020-03-16,4,1.0,1.0,1.0,0.0,0.0,1.0,0.0,0.4285714285714286
84,2020-03-16,36085,36085-2020-03-16,0,0.0,0.0,0.0,0.0,0.0,0.0,0.0,0.14285714285714285
86,2020-03-17,36005,36005-2020-03-17,1,0.7142857142857143,3.0,1.0,0.0,0.0,0.0,0.0,0.2857142857142857
85,2020-03-17,36047,36047-2020-03-17,7,1.4285714285714286,2.0,0.0,1.0,0.0,0.0,0.0,1.142857142857143
87,2020-03-17,36061,36061-2020-03-17,0,0.42857142857142855,0.0,2.0,1.0,0.0,0.0,0.0,0.7142857142857142
88,2020-03-17,36081,36081-2020-03-17,3,1.4285714285714286,4.0,1.0,1.0,0.0,0.0,1.0,1.142857142857143
89,2020-03-17,36085,36085-2020-03-17,1,0.14285714285714285,0.0,0.0,0.0,0.0,0.0,0.0,-0.0
91,2020-03-18,36005,36005-2020-03-18,2,1.0,1.0,3.0,1.0,0.0,0.0,0.0,1.0
90,2020-03-18,36047,36047-2020-03-18,8,2.5714285714285716,7.0,2.0,0.0,1.0,0.0,0.0,0.8571428571428568
92,2020-03-18,36061,36061-2020-03-18,5,1.1428571428571428,0.0,0.0,2.0,1.0,0.0,0.0,0.5714285714285714
93,2020-03-18,36081,36081-2020-03-18,9,2.5714285714285716,3.0,4.0,1.0,1.0,0.0,0.0,0.8571428571428568
94,2020-03-18,36085,36085-2020-03-18,0,0.14285714285714285,1.0,0.0,0.0,0.0,0.0,0.0,0.5714285714285714
96,2020-03-19,36005,36005-2020-03-19,7,2.0,2.0,1.0,3.0,1.0,0.0,0.0,1.8571428571428572
95,2020-03-19,36047,36047-2020-03-19,6,3.4285714285714284,8.0,7.0,2.0,0.0,1.0,0.0,1.4285714285714284
97,2020-03-19,36061,36061-2020-03-19,4,1.7142857142857142,5.0,0.0,0.0,2.0,1.0,0.0,1.7142857142857142
98,2020-03-19,36081,36081-2020-03-19,6,3.4285714285714284,9.0,3.0,4.0,1.0,1.0,0.0,1.4285714285714284
99,2020-03-19,36085,36085-2020-03-19,4,0.7142857142857143,0.0,1.0,0.0,0.0,0.0,0.0,0.5714285714285715
101,2020-03-20,36005,36005-2020-03-20,13,3.857142857142857,7.0,2.0,1.0,3.0,1.0,0.0,1.9999999999999996
100,2020-03-20,36047,36047-2020-03-20,10,4.857142857142857,6.0,8.0,7.0,2.0,0.0,1.0,1.8571428571428577
102,2020-03-20,36061,36061-2020-03-20,12,3.4285714285714284,4.0,5.0,0.0,0.0,2.0,1.0,0.7142857142857149
103,2020-03-20,36081,36081-2020-03-20,10,4.857142857142857,6.0,9.0,3.0,4.0,1.0,1.0,1.8571428571428577
104,2020-03-20,36085,36085-2020-03-20,4,1.2857142857142858,4.0,0.0,1.0,0.0,0.0,0.0,0.4285714285714284
106,2020-03-21,36005,36005-2020-03-21,14,5.857142857142857,13.0,7.0,2.0,1.0,3.0,1.0,1.571428571428572
105,2020-03-21,36047,36047-2020-03-21,14,6.714285714285714,10.0,6.0,8.0,7.0,2.0,0.0,1.428571428571428
107,2020-03-21,36061,36061-2020-03-21,6,4.142857142857143,12.0,4.0,5.0,0.0,0.0,2.0,1.0
108,2020-03-21,36081,36081-2020-03-21,14,6.714285714285714,10.0,6.0,9.0,3.0,4.0,1.0,1.8571428571428568
109,2020-03-21,36085,36085-2020-03-21,3,1.7142857142857142,4.0,4.0,0.0,1.0,0.0,0.0,1.0000000000000002
111,2020-03-22,36005,36005-2020-03-22,12,7.428571428571429,14.0,13.0,7.0,2.0,1.0,3.0,1.5714285714285712
110,2020-03-22,36047,36047-2020-03-22,10,8.142857142857142,14.0,10.0,6.0,8.0,7.0,2.0,3.7142857142857153
112,2020-03-22,36061,36061-2020-03-22,9,5.142857142857143,6.0,12.0,4.0,5.0,0.0,0.0,1.428571428571428
113,2020-03-22,36081,36081-2020-03-22,14,8.571428571428571,14.0,10.0,6.0,9.0,3.0,4.0,4.571428571428571
114,2020-03-22,36085,36085-2020-03-22,7,2.7142857142857144,3.0,4.0,4.0,0.0,1.0,0.0,1.1428571428571428
116,2020-03-23,36005,36005-2020-03-23,14,9.0,12.0,14.0,13.0,7.0,2.0,1.0,1.8571428571428577
115,2020-03-23,36047,36047-2020-03-23,28,11.857142857142858,10.0,14.0,10.0,6.0,8.0,7.0,3.0
117,2020-03-23,36061,36061-2020-03-23,10,6.571428571428571,9.0,6.0,12.0,4.0,5.0,0.0,2.7142857142857153
118,2020-03-23,36081,36081-2020-03-23,36,13.142857142857142,14.0,14.0,10.0,6.0,9.0,3.0,5.285714285714285
119,2020-03-23,36085,36085-2020-03-23,8,3.857142857142857,7.0,3.0,4.0,4.0,0.0,1.0,0.714285714285714
121,2020-03-24,36005,36005-2020-03-24,14,10.857142857142858,14.0,12.0,14.0,13.0,7.0,2.0,4.7142857142857135
120,2020-03-24,36047,36047-2020-03-24,28,14.857142857142858,28.0,10.0,14.0,10.0,6.0,8.0,5.142857142857142
122,2020-03-24,36061,36061-2020-03-24,19,9.285714285714286,10.0,9.0,6.0,12.0,4.0,5.0,2.7142857142857135
123,2020-03-24,36081,36081-2020-03-24,40,18.428571428571427,36.0,14.0,14.0,10.0,6.0,9.0,3.8571428571428577
124,2020-03-24,36085,36085-2020-03-24,6,4.571428571428571,8.0,7.0,3.0,4.0,4.0,0.0,0.5714285714285721
126,2020-03-25,36005,36005-2020-03-25,35,15.571428571428571,14.0,14.0,12.0,14.0,13.0,7.0,5.428571428571429
125,2020-03-25,36047,36047-2020-03-25,44,20.0,28.0,28.0,10.0,14.0,10.0,6.0,7.714285714285715
127,2020-03-25,36061,36061-2020-03-25,24,12.0,19.0,10.0,9.0,6.0,12.0,4.0,4.142857142857142
128,2020-03-25,36081,36081-2020-03-25,36,22.285714285714285,40.0,36.0,14.0,14.0,10.0,6.0,10.42857142857143
129,2020-03-25,36085,36085-2020-03-25,4,5.142857142857143,6.0,8.0,7.0,3.0,4.0,4.0,1.1428571428571423
131,2020-03-26,36005,36005-2020-03-26,45,21.0,35.0,14.0,14.0,12.0,14.0,13.0,4.857142857142858
130,2020-03-26,36047,36047-2020-03-26,60,27.714285714285715,44.0,28.0,28.0,10.0,14.0,10.0,11.0
132,2020-03-26,36061,36061-2020-03-26,33,16.142857142857142,24.0,19.0,10.0,9.0,6.0,12.0,5.0
133,2020-03-26,36081,36081-2020-03-26,79,32.714285714285715,36.0,40.0,36.0,14.0,14.0,10.0,9.142857142857139
134,2020-03-26,36085,36085-2020-03-26,12,6.285714285714286,4.0,6.0,8.0,7.0,3.0,4.0,0.4285714285714288
136,2020-03-27,36005,36005-2020-03-27,47,25.857142857142858,45.0,35.0,14.0,14.0,12.0,14.0,8.571428571428573
135,2020-03-27,36047,36047-2020-03-27,87,38.714285714285715,60.0,44.0,28.0,28.0,10.0,14.0,11.142857142857139
137,2020-03-27,36061,36061-2020-03-27,47,21.142857142857142,33.0,24.0,19.0,10.0,9.0,6.0,4.0
138,2020-03-27,36081,36081-2020-03-27,74,41.857142857142854,79.0,36.0,40.0,36.0,14.0,14.0,13.571428571428577
139,2020-03-27,36085,36085-2020-03-27,7,6.714285714285714,12.0,4.0,6.0,8.0,7.0,3.0,1.571428571428572
141,2020-03-28,36005,36005-2020-03-28,74,34.42857142857143,47.0,45.0,35.0,14.0,14.0,12.0,7.571428571428569
140,2020-03-28,36047,36047-2020-03-28,92,49.857142857142854,87.0,60.0,44.0,28.0,28.0,10.0,14.285714285714285
142,2020-03-28,36061,36061-2020-03-28,34,25.142857142857142,47.0,33.0,24.0,19.0,10.0,9.0,5.285714285714285
143,2020-03-28,36081,36081-2020-03-28,109,55.42857142857143,74.0,79.0,36.0,40.0,36.0,14.0,14.42857142857143
144,2020-03-28,36085,36085-2020-03-28,14,8.285714285714286,7.0,12.0,4.0,6.0,8.0,7.0,1.8571428571428559
146,2020-03-29,36005,36005-2020-03-29,65,42.0,74.0,47.0,45.0,35.0,14.0,14.0,11.42857142857143
145,2020-03-29,36047,36047-2020-03-29,110,64.14285714285714,92.0,87.0,60.0,44.0,28.0,28.0,15.0
147,2020-03-29,36061,36061-2020-03-29,46,30.428571428571427,34.0,47.0,33.0,24.0,19.0,10.0,6.0000000000000036
148,2020-03-29,36081,36081-2020-03-29,115,69.85714285714286,109.0,74.0,79.0,36.0,40.0,36.0,12.714285714285708
149,2020-03-29,36085,36085-2020-03-29,20,10.142857142857142,14.0,7.0,12.0,4.0,6.0,8.0,0.2857142857142865
151,2020-03-30,36005,36005-2020-03-30,94,53.42857142857143,65.0,74.0,47.0,45.0,35.0,14.0,14.714285714285708
150,2020-03-30,36047,36047-2020-03-30,133,79.14285714285714,110.0,92.0,87.0,60.0,44.0,28.0,18.285714285714292
152,2020-03-30,36061,36061-2020-03-30,52,36.42857142857143,46.0,34.0,47.0,33.0,24.0,19.0,5.0
153,2020-03-30,36081,36081-2020-03-30,125,82.57142857142857,115.0,109.0,74.0,79.0,36.0,40.0,12.285714285714292
154,2020-03-30,36085,36085-2020-03-30,10,10.428571428571429,20.0,14.0,7.0,12.0,4.0,6.0,2.428571428571429
156,2020-03-31,36005,36005-2020-03-31,117,68.14285714285714,94.0,65.0,74.0,47.0,45.0,35.0,11.0
155,2020-03-31,36047,36047-2020-03-31,156,97.42857142857143,133.0,110.0,92.0,87.0,60.0,44.0,17.85714285714286
157,2020-03-31,36061,36061-2020-03-31,54,41.42857142857143,52.0,46.0,34.0,47.0,33.0,24.0,7.142857142857139
158,2020-03-31,36081,36081-2020-03-31,126,94.85714285714286,125.0,115.0,109.0,74.0,79.0,36.0,20.857142857142847
159,2020-03-31,36085,36085-2020-03-31,23,12.857142857142858,10.0,20.0,14.0,7.0,12.0,4.0,2.1428571428571423
161,2020-04-01,36005,36005-2020-04-01,112,79.14285714285714,117.0,94.0,65.0,74.0,47.0,45.0,13.857142857142861
160,2020-04-01,36047,36047-2020-04-01,169,115.28571428571429,156.0,133.0,110.0,92.0,87.0,60.0,23.142857142857125
162,2020-04-01,36061,36061-2020-04-01,74,48.57142857142857,54.0,52.0,46.0,34.0,47.0,33.0,6.142857142857146
163,2020-04-01,36081,36081-2020-04-01,182,115.71428571428571,126.0,125.0,115.0,109.0,74.0,79.0,17.285714285714292
164,2020-04-01,36085,36085-2020-04-01,19,15.0,23.0,10.0,20.0,14.0,7.0,12.0,3.428571428571427
166,2020-04-02,36005,36005-2020-04-02,142,93.0,112.0,117.0,94.0,65.0,74.0,47.0,14.857142857142861
165,2020-04-02,36047,36047-2020-04-02,222,138.42857142857142,169.0,156.0,133.0,110.0,92.0,87.0,17.428571428571445
167,2020-04-02,36061,36061-2020-04-02,76,54.714285714285715,74.0,54.0,52.0,46.0,34.0,47.0,3.7142857142857153
168,2020-04-02,36081,36081-2020-04-02,200,133.0,182.0,126.0,125.0,115.0,109.0,74.0,19.428571428571416
169,2020-04-02,36085,36085-2020-04-02,36,18.428571428571427,19.0,23.0,10.0,20.0,14.0,7.0,3.7142857142857153
171,2020-04-03,36005,36005-2020-04-03,151,107.85714285714286,142.0,112.0,117.0,94.0,65.0,74.0,10.857142857142847
170,2020-04-03,36047,36047-2020-04-03,209,155.85714285714286,222.0,169.0,156.0,133.0,110.0,92.0,20.14285714285714
172,2020-04-03,36061,36061-2020-04-03,73,58.42857142857143,76.0,74.0,54.0,52.0,46.0,34.0,7.857142857142861
173,2020-04-03,36081,36081-2020-04-03,210,152.42857142857142,200.0,182.0,126.0,125.0,115.0,109.0,15.857142857142861
174,2020-04-03,36085,36085-2020-04-03,33,22.142857142857142,36.0,19.0,23.0,10.0,20.0,14.0,1.2857142857142847
176,2020-04-04,36005,36005-2020-04-04,150,118.71428571428571,151.0,142.0,112.0,117.0,94.0,65.0,13.285714285714292
175,2020-04-04,36047,36047-2020-04-04,233,176.0,209.0,222.0,169.0,156.0,133.0,110.0,16.285714285714278
177,2020-04-04,36061,36061-2020-04-04,89,66.28571428571429,73.0,76.0,74.0,54.0,52.0,46.0,9.0
178,2020-04-04,36081,36081-2020-04-04,220,168.28571428571428,210.0,200.0,182.0,126.0,125.0,115.0,17.714285714285722
179,2020-04-04,36085,36085-2020-04-04,23,23.428571428571427,33.0,36.0,19.0,23.0,10.0,20.0,1.142857142857146
181,2020-04-05,36005,36005-2020-04-05,158,132.0,150.0,151.0,142.0,112.0,117.0,94.0,8.571428571428584
180,2020-04-05,36047,36047-2020-04-05,224,192.28571428571428,233.0,209.0,222.0,169.0,156.0,133.0,18.285714285714306
182,2020-04-05,36061,36061-2020-04-05,109,75.28571428571429,89.0,73.0,76.0,74.0,54.0,52.0,7.142857142857139
183,2020-04-05,36081,36081-2020-04-05,239,186.0,220.0,210.0,200.0,182.0,126.0,125.0,20.285714285714278
184,2020-04-05,36085,36085-2020-04-05,28,24.571428571428573,23.0,33.0,36.0,19.0,23.0,10.0,3.1428571428571423
186,2020-04-06,36005,36005-2020-04-06,154,140.57142857142858,158.0,150.0,151.0,142.0,112.0,117.0,6.285714285714278
185,2020-04-06,36047,36047-2020-04-06,261,210.57142857142858,224.0,233.0,209.0,222.0,169.0,156.0,15.428571428571416
187,2020-04-06,36061,36061-2020-04-06,102,82.42857142857143,109.0,89.0,73.0,76.0,74.0,54.0,9.714285714285708
188,2020-04-06,36081,36081-2020-04-06,267,206.28571428571428,239.0,220.0,210.0,200.0,182.0,126.0,17.428571428571445
189,2020-04-06,36085,36085-2020-04-06,32,27.714285714285715,28.0,23.0,33.0,36.0,19.0,23.0,1.8571428571428577
191,2020-04-07,36005,36005-2020-04-07,161,146.85714285714286,154.0,158.0,150.0,151.0,142.0,112.0,5.714285714285722
190,2020-04-07,36047,36047-2020-04-07,264,226.0,261.0,224.0,233.0,209.0,222.0,169.0,11.571428571428584
192,2020-04-07,36061,36061-2020-04-07,122,92.14285714285714,102.0,109.0,89.0,73.0,76.0,74.0,2.285714285714292
193,2020-04-07,36081,36081-2020-04-07,248,223.71428571428572,267.0,239.0,220.0,210.0,200.0,182.0,9.285714285714278
194,2020-04-07,36085,36085-2020-04-07,36,29.571428571428573,32.0,28.0,23.0,33.0,36.0,19.0,3.428571428571427
196,2020-04-08,36005,36005-2020-04-08,152,152.57142857142858,161.0,154.0,158.0,150.0,151.0,142.0,0.714285714285694
195,2020-04-08,36047,36047-2020-04-08,250,237.57142857142858,264.0,261.0,224.0,233.0,209.0,222.0,5.714285714285694
197,2020-04-08,36061,36061-2020-04-08,90,94.42857142857143,122.0,102.0,109.0,89.0,73.0,76.0,2.714285714285708
198,2020-04-08,36081,36081-2020-04-08,247,233.0,248.0,267.0,239.0,220.0,210.0,200.0,4.142857142857139
199,2020-04-08,36085,36085-2020-04-08,43,33.0,36.0,32.0,28.0,23.0,33.0,36.0,-0.2857142857142847
201,2020-04-09,36005,36005-2020-04-09,147,153.28571428571428,152.0,161.0,154.0,158.0,150.0,151.0,1.1428571428571388
200,2020-04-09,36047,36047-2020-04-09,262,243.28571428571428,250.0,264.0,261.0,224.0,233.0,209.0,4.571428571428584
202,2020-04-09,36061,36061-2020-04-09,95,97.14285714285714,90.0,122.0,102.0,109.0,89.0,73.0,3.142857142857153
203,2020-04-09,36081,36081-2020-04-09,229,237.14285714285714,247.0,248.0,267.0,239.0,220.0,210.0,1.8571428571428612
204,2020-04-09,36085,36085-2020-04-09,34,32.714285714285715,43.0,36.0,32.0,28.0,23.0,33.0,-1.2857142857142883
206,2020-04-10,36005,36005-2020-04-10,159,154.42857142857142,147.0,152.0,161.0,154.0,158.0,150.0,3.285714285714306
205,2020-04-10,36047,36047-2020-04-10,241,247.85714285714286,262.0,250.0,264.0,261.0,224.0,233.0,-2.0
207,2020-04-10,36061,36061-2020-04-10,95,100.28571428571429,95.0,90.0,122.0,102.0,109.0,89.0,-1.2857142857142918
208,2020-04-10,36081,36081-2020-04-10,223,239.0,229.0,247.0,248.0,267.0,239.0,220.0,0.7142857142857224
209,2020-04-10,36085,36085-2020-04-10,24,31.428571428571427,34.0,43.0,36.0,32.0,28.0,23.0,1.428571428571427
211,2020-04-11,36005,36005-2020-04-11,173,157.71428571428572,159.0,147.0,152.0,161.0,154.0,158.0,-1.5714285714285836
210,2020-04-11,36047,36047-2020-04-11,219,245.85714285714286,241.0,262.0,250.0,264.0,261.0,224.0,6.142857142857139
212,2020-04-11,36061,36061-2020-04-11,80,99.0,95.0,95.0,90.0,122.0,102.0,109.0,-3.0
213,2020-04-11,36081,36081-2020-04-11,225,239.71428571428572,223.0,229.0,247.0,248.0,267.0,239.0,-2.857142857142861
214,2020-04-11,36085,36085-2020-04-11,33,32.857142857142854,24.0,34.0,43.0,36.0,32.0,28.0,0.7142857142857153
216,2020-04-12,36005,36005-2020-04-12,147,156.14285714285714,173.0,159.0,147.0,152.0,161.0,154.0,0.2857142857142776
215,2020-04-12,36047,36047-2020-04-12,267,252.0,219.0,241.0,262.0,250.0,264.0,261.0,-1.7142857142857224
217,2020-04-12,36061,36061-2020-04-12,88,96.0,80.0,95.0,95.0,90.0,122.0,102.0,-2.0
218,2020-04-12,36081,36081-2020-04-12,219,236.85714285714286,225.0,223.0,229.0,247.0,248.0,267.0,-3.5714285714285836
219,2020-04-12,36085,36085-2020-04-12,33,33.57142857142857,33.0,24.0,34.0,43.0,36.0,32.0,0.1428571428571459
221,2020-04-13,36005,36005-2020-04-13,156,156.42857142857142,147.0,173.0,159.0,147.0,152.0,161.0,-1.5714285714285552
220,2020-04-13,36047,36047-2020-04-13,249,250.28571428571428,267.0,219.0,241.0,262.0,250.0,264.0,-9.142857142857139
222,2020-04-13,36061,36061-2020-04-13,88,94.0,88.0,80.0,95.0,95.0,90.0,122.0,-6.142857142857139
223,2020-04-13,36081,36081-2020-04-13,242,233.28571428571428,219.0,225.0,223.0,229.0,247.0,248.0,-6.571428571428555
224,2020-04-13,36085,36085-2020-04-13,33,33.714285714285715,33.0,33.0,24.0,34.0,43.0,36.0,-1.142857142857146
226,2020-04-14,36005,36005-2020-04-14,150,154.85714285714286,156.0,147.0,173.0,159.0,147.0,152.0,-3.428571428571445
225,2020-04-14,36047,36047-2020-04-14,200,241.14285714285714,249.0,267.0,219.0,241.0,262.0,250.0,-12.285714285714278
227,2020-04-14,36061,36061-2020-04-14,79,87.85714285714286,88.0,88.0,80.0,95.0,95.0,90.0,-1.7142857142857224
228,2020-04-14,36081,36081-2020-04-14,202,226.71428571428572,242.0,219.0,225.0,223.0,229.0,247.0,-10.0
229,2020-04-14,36085,36085-2020-04-14,28,32.57142857142857,33.0,33.0,33.0,24.0,34.0,43.0,-1.7142857142857117
231,2020-04-15,36005,36005-2020-04-15,128,151.42857142857142,150.0,156.0,147.0,173.0,159.0,147.0,-3.714285714285694
230,2020-04-15,36047,36047-2020-04-15,164,228.85714285714286,200.0,249.0,267.0,219.0,241.0,262.0,-13.285714285714278
232,2020-04-15,36061,36061-2020-04-15,78,86.14285714285714,79.0,88.0,88.0,80.0,95.0,95.0,-3.714285714285708
233,2020-04-15,36081,36081-2020-04-15,177,216.71428571428572,202.0,242.0,219.0,225.0,223.0,229.0,-7.142857142857139
234,2020-04-15,36085,36085-2020-04-15,31,30.857142857142858,28.0,33.0,33.0,33.0,24.0,34.0,-2.4285714285714306
236,2020-04-16,36005,36005-2020-04-16,121,147.71428571428572,128.0,150.0,156.0,147.0,173.0,159.0,-6.857142857142861
235,2020-04-16,36047,36047-2020-04-16,169,215.57142857142858,164.0,200.0,249.0,267.0,219.0,241.0,-12.0
237,2020-04-16,36061,36061-2020-04-16,69,82.42857142857143,78.0,79.0,88.0,88.0,80.0,95.0,-6.285714285714292
238,2020-04-16,36081,36081-2020-04-16,179,209.57142857142858,177.0,202.0,242.0,219.0,225.0,223.0,-10.285714285714306
239,2020-04-16,36085,36085-2020-04-16,17,28.428571428571427,31.0,28.0,33.0,33.0,33.0,24.0,-0.7142857142857117
241,2020-04-17,36005,36005-2020-04-17,111,140.85714285714286,121.0,128.0,150.0,156.0,147.0,173.0,-12.428571428571445
240,2020-04-17,36047,36047-2020-04-17,157,203.57142857142858,169.0,164.0,200.0,249.0,267.0,219.0,-9.571428571428584
242,2020-04-17,36061,36061-2020-04-17,51,76.14285714285714,69.0,78.0,79.0,88.0,88.0,80.0,-1.1428571428571388
243,2020-04-17,36081,36081-2020-04-17,151,199.28571428571428,179.0,177.0,202.0,242.0,219.0,225.0,-6.714285714285694
244,2020-04-17,36085,36085-2020-04-17,19,27.714285714285715,17.0,31.0,28.0,33.0,33.0,33.0,-1.1428571428571423
246,2020-04-18,36005,36005-2020-04-18,86,128.42857142857142,111.0,121.0,128.0,150.0,156.0,147.0,-6.428571428571416
245,2020-04-18,36047,36047-2020-04-18,152,194.0,157.0,169.0,164.0,200.0,249.0,267.0,-18.0
247,2020-04-18,36061,36061-2020-04-18,72,75.0,51.0,69.0,78.0,79.0,88.0,88.0,-3.0
248,2020-04-18,36081,36081-2020-04-18,178,192.57142857142858,151.0,179.0,177.0,202.0,242.0,219.0,-8.857142857142861
249,2020-04-18,36085,36085-2020-04-18,25,26.571428571428573,19.0,17.0,31.0,28.0,33.0,33.0,-0.8571428571428577
251,2020-04-19,36005,36005-2020-04-19,102,122.0,86.0,111.0,121.0,128.0,150.0,156.0,-7.857142857142861
250,2020-04-19,36047,36047-2020-04-19,141,176.0,152.0,157.0,169.0,164.0,200.0,249.0,-17.571428571428584
252,2020-04-19,36061,36061-2020-04-19,67,72.0,72.0,51.0,69.0,78.0,79.0,88.0,-3.714285714285708
253,2020-04-19,36081,36081-2020-04-19,157,183.71428571428572,178.0,151.0,179.0,177.0,202.0,242.0,-12.571428571428584
254,2020-04-19,36085,36085-2020-04-19,27,25.714285714285715,25.0,19.0,17.0,31.0,28.0,33.0,-1.571428571428573
256,2020-04-20,36005,36005-2020-04-20,101,114.14285714285714,102.0,86.0,111.0,121.0,128.0,150.0,-8.57142857142857
255,2020-04-20,36047,36047-2020-04-20,126,158.42857142857142,141.0,152.0,157.0,169.0,164.0,200.0,-11.0
257,2020-04-20,36061,36061-2020-04-20,62,68.28571428571429,67.0,72.0,51.0,69.0,78.0,79.0,-2.7142857142857224
258,2020-04-20,36081,36081-2020-04-20,154,171.14285714285714,157.0,178.0,151.0,179.0,177.0,202.0,-9.285714285714278
259,2020-04-20,36085,36085-2020-04-20,22,24.142857142857142,27.0,25.0,19.0,17.0,31.0,28.0,-1.7142857142857153
261,2020-04-21,36005,36005-2020-04-21,90,105.57142857142857,101.0,102.0,86.0,111.0,121.0,128.0,-6.0
260,2020-04-21,36047,36047-2020-04-21,123,147.42857142857142,126.0,141.0,152.0,157.0,169.0,164.0,-4.857142857142833
262,2020-04-21,36061,36061-2020-04-21,60,65.57142857142857,62.0,67.0,72.0,51.0,69.0,78.0,-3.2857142857142847
263,2020-04-21,36081,36081-2020-04-21,137,161.85714285714286,154.0,157.0,178.0,151.0,179.0,177.0,-9.571428571428584
264,2020-04-21,36085,36085-2020-04-21,16,22.428571428571427,22.0,27.0,25.0,19.0,17.0,31.0,-1.857142857142854
266,2020-04-22,36005,36005-2020-04-22,86,99.57142857142857,90.0,101.0,102.0,86.0,111.0,121.0,-6.714285714285708
265,2020-04-22,36047,36047-2020-04-22,130,142.57142857142858,123.0,126.0,141.0,152.0,157.0,169.0,-5.428571428571445
267,2020-04-22,36061,36061-2020-04-22,55,62.285714285714285,60.0,62.0,67.0,72.0,51.0,69.0,-1.7142857142857153
268,2020-04-22,36081,36081-2020-04-22,110,152.28571428571428,137.0,154.0,157.0,178.0,151.0,179.0,-6.142857142857139
269,2020-04-22,36085,36085-2020-04-22,18,20.571428571428573,16.0,22.0,27.0,25.0,19.0,17.0,-0.0
271,2020-04-23,36005,36005-2020-04-23,74,92.85714285714286,86.0,90.0,101.0,102.0,86.0,111.0,-4.857142857142861
270,2020-04-23,36047,36047-2020-04-23,131,137.14285714285714,130.0,123.0,126.0,141.0,152.0,157.0,-6.285714285714278
272,2020-04-23,36061,36061-2020-04-23,57,60.57142857142857,55.0,60.0,62.0,67.0,72.0,51.0,0.7142857142857153
273,2020-04-23,36081,36081-2020-04-23,136,146.14285714285714,110.0,137.0,154.0,157.0,178.0,151.0,-4.857142857142861
274,2020-04-23,36085,36085-2020-04-23,17,20.571428571428573,18.0,16.0,22.0,27.0,25.0,19.0,-0.28571428571428825
276,2020-04-24,36005,36005-2020-04-24,77,88.0,74.0,86.0,90.0,101.0,102.0,86.0,-3.285714285714292
275,2020-04-24,36047,36047-2020-04-24,113,130.85714285714286,131.0,130.0,123.0,126.0,141.0,152.0,-7.428571428571431
277,2020-04-24,36061,36061-2020-04-24,56,61.285714285714285,57.0,55.0,60.0,62.0,67.0,72.0,-3.7142857142857153
278,2020-04-24,36081,36081-2020-04-24,117,141.28571428571428,136.0,110.0,137.0,154.0,157.0,178.0,-10.428571428571416
279,2020-04-24,36085,36085-2020-04-24,17,20.285714285714285,17.0,18.0,16.0,22.0,27.0,25.0,-2.0
281,2020-04-25,36005,36005-2020-04-25,63,84.71428571428571,77.0,74.0,86.0,90.0,101.0,102.0,-5.285714285714278
280,2020-04-25,36047,36047-2020-04-25,100,123.42857142857143,113.0,131.0,130.0,123.0,126.0,141.0,-8.42857142857143
282,2020-04-25,36061,36061-2020-04-25,46,57.57142857142857,56.0,57.0,55.0,60.0,62.0,67.0,-2.857142857142854
283,2020-04-25,36081,36081-2020-04-25,105,130.85714285714286,117.0,136.0,110.0,137.0,154.0,157.0,-8.714285714285722
284,2020-04-25,36085,36085-2020-04-25,11,18.285714285714285,17.0,17.0,18.0,16.0,22.0,27.0,-2.428571428571427
286,2020-04-26,36005,36005-2020-04-26,65,79.42857142857143,63.0,77.0,74.0,86.0,90.0,101.0,-5.142857142857139
285,2020-04-26,36047,36047-2020-04-26,82,115.0,100.0,113.0,131.0,130.0,123.0,126.0,-3.142857142857139
287,2020-04-26,36061,36061-2020-04-26,47,54.714285714285715,46.0,56.0,57.0,55.0,60.0,62.0,-3.857142857142861
288,2020-04-26,36081,36081-2020-04-26,96,122.14285714285714,105.0,117.0,136.0,110.0,137.0,154.0,-6.857142857142847
289,2020-04-26,36085,36085-2020-04-26,10,15.857142857142858,11.0,17.0,17.0,18.0,16.0,22.0,-1.4285714285714288
291,2020-04-27,36005,36005-2020-04-27,65,74.28571428571429,65.0,63.0,77.0,74.0,86.0,90.0,-3.285714285714292
290,2020-04-27,36047,36047-2020-04-27,104,111.85714285714286,82.0,100.0,113.0,131.0,130.0,123.0,-7.714285714285722
292,2020-04-27,36061,36061-2020-04-27,35,50.857142857142854,47.0,46.0,56.0,57.0,55.0,60.0,-2.857142857142854
293,2020-04-27,36081,36081-2020-04-27,106,115.28571428571429,96.0,105.0,117.0,136.0,110.0,137.0,-8.0
294,2020-04-27,36085,36085-2020-04-27,12,14.428571428571429,10.0,11.0,17.0,17.0,18.0,16.0,-0.8571428571428577
296,2020-04-28,36005,36005-2020-04-28,67,71.0,65.0,65.0,63.0,77.0,74.0,86.0,-5.571428571428569
295,2020-04-28,36047,36047-2020-04-28,69,104.14285714285714,104.0,82.0,100.0,113.0,131.0,130.0,-6.571428571428569
297,2020-04-28,36061,36061-2020-04-28,40,48.0,35.0,47.0,46.0,56.0,57.0,55.0,-2.5714285714285694
298,2020-04-28,36081,36081-2020-04-28,81,107.28571428571429,106.0,96.0,105.0,117.0,136.0,110.0,-2.857142857142861
299,2020-04-28,36085,36085-2020-04-28,10,13.571428571428571,12.0,10.0,11.0,17.0,17.0,18.0,-0.2857142857142847
301,2020-04-29,36005,36005-2020-04-29,47,65.42857142857143,67.0,65.0,65.0,63.0,77.0,74.0,-3.2857142857142847
300,2020-04-29,36047,36047-2020-04-29,84,97.57142857142857,69.0,104.0,82.0,100.0,113.0,131.0,-7.714285714285708
302,2020-04-29,36061,36061-2020-04-29,37,45.42857142857143,40.0,35.0,47.0,46.0,56.0,57.0,-2.7142857142857153
303,2020-04-29,36081,36081-2020-04-29,90,104.42857142857143,81.0,106.0,96.0,105.0,117.0,136.0,-8.714285714285722
304,2020-04-29,36085,36085-2020-04-29,16,13.285714285714286,10.0,12.0,10.0,11.0,17.0,17.0,-0.7142857142857153
306,2020-04-30,36005,36005-2020-04-30,51,62.142857142857146,47.0,67.0,65.0,65.0,63.0,77.0,-3.5714285714285765
305,2020-04-30,36047,36047-2020-04-30,77,89.85714285714286,84.0,69.0,104.0,82.0,100.0,113.0,-6.0
307,2020-04-30,36061,36061-2020-04-30,38,42.714285714285715,37.0,40.0,35.0,47.0,46.0,56.0,-3.7142857142857153
308,2020-04-30,36081,36081-2020-04-30,75,95.71428571428571,90.0,81.0,106.0,96.0,105.0,117.0,-4.0
309,2020-04-30,36085,36085-2020-04-30,12,12.571428571428571,16.0,10.0,12.0,10.0,11.0,17.0,-0.4285714285714288
311,2020-05-01,36005,36005-2020-05-01,52,58.57142857142857,51.0,47.0,67.0,65.0,65.0,63.0,-1.0
310,2020-05-01,36047,36047-2020-05-01,71,83.85714285714286,77.0,84.0,69.0,104.0,82.0,100.0,-5.857142857142861
312,2020-05-01,36061,36061-2020-05-01,30,39.0,38.0,37.0,40.0,35.0,47.0,46.0,-2.7142857142857153
313,2020-05-01,36081,36081-2020-05-01,89,91.71428571428571,75.0,90.0,81.0,106.0,96.0,105.0,-5.142857142857139
314,2020-05-01,36085,36085-2020-05-01,14,12.142857142857142,12.0,16.0,10.0,12.0,10.0,11.0,0.2857142857142865
316,2020-05-02,36005,36005-2020-05-02,56,57.57142857142857,52.0,51.0,47.0,67.0,65.0,65.0,-4.571428571428569
315,2020-05-02,36047,36047-2020-05-02,59,78.0,71.0,77.0,84.0,69.0,104.0,82.0,-3.5714285714285694
317,2020-05-02,36061,36061-2020-05-02,27,36.285714285714285,30.0,38.0,37.0,40.0,35.0,47.0,-1.2857142857142847
318,2020-05-02,36081,36081-2020-05-02,69,86.57142857142857,89.0,75.0,90.0,81.0,106.0,96.0,-4.285714285714278
319,2020-05-02,36085,36085-2020-05-02,13,12.428571428571429,14.0,12.0,16.0,10.0,12.0,10.0,0.8571428571428577
321,2020-05-03,36005,36005-2020-05-03,33,53.0,56.0,52.0,51.0,47.0,67.0,65.0,-3.4285714285714306
320,2020-05-03,36047,36047-2020-05-03,57,74.42857142857143,59.0,71.0,77.0,84.0,69.0,104.0,-7.285714285714292
322,2020-05-03,36061,36061-2020-05-03,38,35.0,27.0,30.0,38.0,37.0,40.0,35.0,-0.7142857142857153
323,2020-05-03,36081,36081-2020-05-03,66,82.28571428571429,69.0,89.0,75.0,90.0,81.0,106.0,-6.714285714285722
324,2020-05-03,36085,36085-2020-05-03,16,13.285714285714286,13.0,14.0,12.0,16.0,10.0,12.0,-0.0
326,2020-05-04,36005,36005-2020-05-04,41,49.57142857142857,33.0,56.0,52.0,51.0,47.0,67.0,-5.571428571428569
325,2020-05-04,36047,36047-2020-05-04,53,67.14285714285714,57.0,59.0,71.0,77.0,84.0,69.0,-1.7142857142857082
327,2020-05-04,36061,36061-2020-05-04,30,34.285714285714285,38.0,27.0,30.0,38.0,37.0,40.0,-2.8571428571428577
328,2020-05-04,36081,36081-2020-05-04,59,75.57142857142857,66.0,69.0,89.0,75.0,90.0,81.0,-4.142857142857139
329,2020-05-04,36085,36085-2020-05-04,12,13.285714285714286,16.0,13.0,14.0,12.0,16.0,10.0,0.2857142857142847
331,2020-05-05,36005,36005-2020-05-05,28,44.0,41.0,33.0,56.0,52.0,51.0,47.0,-1.2857142857142847
330,2020-05-05,36047,36047-2020-05-05,57,65.42857142857143,53.0,57.0,59.0,71.0,77.0,84.0,-4.428571428571431
332,2020-05-05,36061,36061-2020-05-05,20,31.428571428571427,30.0,38.0,27.0,30.0,38.0,37.0,-2.428571428571427
333,2020-05-05,36081,36081-2020-05-05,52,71.42857142857143,59.0,66.0,69.0,89.0,75.0,90.0,-3.857142857142861
334,2020-05-05,36085,36085-2020-05-05,12,13.571428571428571,12.0,16.0,13.0,14.0,12.0,16.0,-1.1428571428571423
336,2020-05-06,36005,36005-2020-05-06,38,42.714285714285715,28.0,41.0,33.0,56.0,52.0,51.0,-2.7142857142857153
335,2020-05-06,36047,36047-2020-05-06,53,61.0,57.0,53.0,57.0,59.0,71.0,77.0,-3.2857142857142847
337,2020-05-06,36061,36061-2020-05-06,20,29.0,20.0,30.0,38.0,27.0,30.0,38.0,-1.8571428571428577
338,2020-05-06,36081,36081-2020-05-06,63,67.57142857142857,52.0,59.0,66.0,69.0,89.0,75.0,-4.714285714285715
339,2020-05-06,36085,36085-2020-05-06,8,12.428571428571429,12.0,12.0,16.0,13.0,14.0,12.0,-0.8571428571428577
341,2020-05-07,36005,36005-2020-05-07,32,40.0,38.0,28.0,41.0,33.0,56.0,52.0,-3.2857142857142847
340,2020-05-07,36047,36047-2020-05-07,54,57.714285714285715,53.0,57.0,53.0,57.0,59.0,71.0,-3.2857142857142847
342,2020-05-07,36061,36061-2020-05-07,25,27.142857142857142,20.0,20.0,30.0,38.0,27.0,30.0,-1.7142857142857153
343,2020-05-07,36081,36081-2020-05-07,42,62.857142857142854,63.0,52.0,59.0,66.0,69.0,89.0,-4.857142857142854
344,2020-05-07,36085,36085-2020-05-07,6,11.571428571428571,8.0,12.0,12.0,16.0,13.0,14.0,-1.2857142857142847
346,2020-05-08,36005,36005-2020-05-08,29,36.714285714285715,32.0,38.0,28.0,41.0,33.0,56.0,-5.0
345,2020-05-08,36047,36047-2020-05-08,48,54.42857142857143,54.0,53.0,57.0,53.0,57.0,59.0,-3.4285714285714306
347,2020-05-08,36061,36061-2020-05-08,18,25.428571428571427,25.0,20.0,20.0,30.0,38.0,27.0,-1.2857142857142847
348,2020-05-08,36081,36081-2020-05-08,55,58.0,42.0,63.0,52.0,59.0,66.0,69.0,-5.142857142857146
349,2020-05-08,36085,36085-2020-05-08,5,10.285714285714286,6.0,8.0,12.0,12.0,16.0,13.0,-1.4285714285714288
351,2020-05-09,36005,36005-2020-05-09,21,31.714285714285715,29.0,32.0,38.0,28.0,41.0,33.0,-2.4285714285714306
350,2020-05-09,36047,36047-2020-05-09,35,51.0,48.0,54.0,53.0,57.0,53.0,57.0,-3.7142857142857153
352,2020-05-09,36061,36061-2020-05-09,18,24.142857142857142,18.0,25.0,20.0,20.0,30.0,38.0,-2.428571428571427
353,2020-05-09,36081,36081-2020-05-09,33,52.857142857142854,55.0,42.0,63.0,52.0,59.0,66.0,-4.0
354,2020-05-09,36085,36085-2020-05-09,3,8.857142857142858,5.0,6.0,8.0,12.0,12.0,16.0,-1.1428571428571432
356,2020-05-10,36005,36005-2020-05-10,16,29.285714285714285,21.0,29.0,32.0,38.0,28.0,41.0,-1.428571428571427
355,2020-05-10,36047,36047-2020-05-10,31,47.285714285714285,35.0,48.0,54.0,53.0,57.0,53.0,-1.857142857142854
357,2020-05-10,36061,36061-2020-05-10,21,21.714285714285715,18.0,18.0,25.0,20.0,20.0,30.0,-1.8571428571428577
358,2020-05-10,36081,36081-2020-05-10,38,48.857142857142854,33.0,55.0,42.0,63.0,52.0,59.0,-4.4285714285714235
359,2020-05-10,36085,36085-2020-05-10,8,7.714285714285714,3.0,5.0,6.0,8.0,12.0,12.0,-1.1428571428571432
361,2020-05-11,36005,36005-2020-05-11,31,27.857142857142858,16.0,21.0,29.0,32.0,38.0,28.0,-0.7142857142857153
360,2020-05-11,36047,36047-2020-05-11,40,45.42857142857143,31.0,35.0,48.0,54.0,53.0,57.0,-2.5714285714285765
362,2020-05-11,36061,36061-2020-05-11,17,19.857142857142858,21.0,18.0,18.0,25.0,20.0,20.0,-0.4285714285714306
363,2020-05-11,36081,36081-2020-05-11,28,44.42857142857143,38.0,33.0,55.0,42.0,63.0,52.0,-4.142857142857146
364,2020-05-11,36085,36085-2020-05-11,4,6.571428571428571,8.0,3.0,5.0,6.0,8.0,12.0,-0.8571428571428568
366,2020-05-12,36005,36005-2020-05-12,23,27.142857142857142,31.0,16.0,21.0,29.0,32.0,38.0,-2.8571428571428577
365,2020-05-12,36047,36047-2020-05-12,39,42.857142857142854,40.0,31.0,35.0,48.0,54.0,53.0,-3.857142857142854
367,2020-05-12,36061,36061-2020-05-12,17,19.428571428571427,17.0,21.0,18.0,18.0,25.0,20.0,-1.428571428571427
368,2020-05-12,36081,36081-2020-05-12,23,40.285714285714285,28.0,38.0,33.0,55.0,42.0,63.0,-4.428571428571431
369,2020-05-12,36085,36085-2020-05-12,6,5.714285714285714,4.0,8.0,3.0,5.0,6.0,8.0,-0.2857142857142856
371,2020-05-13,36005,36005-2020-05-13,18,24.285714285714285,23.0,31.0,16.0,21.0,29.0,32.0,-2.8571428571428577
370,2020-05-13,36047,36047-2020-05-13,26,39.0,39.0,40.0,31.0,35.0,48.0,54.0,-5.142857142857146
372,2020-05-13,36061,36061-2020-05-13,10,18.0,17.0,17.0,21.0,18.0,18.0,25.0,-0.42857142857142705
373,2020-05-13,36081,36081-2020-05-13,32,35.857142857142854,23.0,28.0,38.0,33.0,55.0,42.0,-2.2857142857142847
374,2020-05-13,36085,36085-2020-05-13,6,5.428571428571429,6.0,4.0,8.0,3.0,5.0,6.0,0.2857142857142856
376,2020-05-14,36005,36005-2020-05-14,12,21.428571428571427,18.0,23.0,31.0,16.0,21.0,29.0,-1.857142857142854
375,2020-05-14,36047,36047-2020-05-14,18,33.857142857142854,26.0,39.0,40.0,31.0,35.0,48.0,-2.285714285714281
377,2020-05-14,36061,36061-2020-05-14,22,17.571428571428573,10.0,17.0,17.0,21.0,18.0,18.0,-0.28571428571428825
378,2020-05-14,36081,36081-2020-05-14,26,33.57142857142857,32.0,23.0,28.0,38.0,33.0,55.0,-3.857142857142854
379,2020-05-14,36085,36085-2020-05-14,8,5.714285714285714,6.0,6.0,4.0,8.0,3.0,5.0,0.14285714285714235
381,2020-05-15,36005,36005-2020-05-15,16,19.571428571428573,12.0,18.0,23.0,31.0,16.0,21.0,0.8571428571428541
380,2020-05-15,36047,36047-2020-05-15,32,31.571428571428573,18.0,26.0,39.0,40.0,31.0,35.0,-0.28571428571428825
382,2020-05-15,36061,36061-2020-05-15,16,17.285714285714285,22.0,10.0,17.0,17.0,21.0,18.0,-0.8571428571428577
383,2020-05-15,36081,36081-2020-05-15,28,29.714285714285715,26.0,32.0,23.0,28.0,38.0,33.0,-1.0
384,2020-05-15,36085,36085-2020-05-15,6,5.857142857142857,8.0,6.0,6.0,4.0,8.0,3.0,-0.14285714285714235
386,2020-05-16,36005,36005-2020-05-16,27,20.428571428571427,16.0,12.0,18.0,23.0,31.0,16.0,0.7142857142857153
385,2020-05-16,36047,36047-2020-05-16,33,31.285714285714285,32.0,18.0,26.0,39.0,40.0,31.0,-1.0
387,2020-05-16,36061,36061-2020-05-16,12,16.428571428571427,16.0,22.0,10.0,17.0,17.0,21.0,-1.2857142857142847
388,2020-05-16,36081,36081-2020-05-16,26,28.714285714285715,28.0,26.0,32.0,23.0,28.0,38.0,-1.1428571428571423
389,2020-05-16,36085,36085-2020-05-16,2,5.714285714285714,6.0,8.0,6.0,6.0,4.0,8.0,-0.8571428571428577
391,2020-05-17,36005,36005-2020-05-17,21,21.142857142857142,27.0,16.0,12.0,18.0,23.0,31.0,-2.8571428571428577
390,2020-05-17,36047,36047-2020-05-17,24,30.285714285714285,33.0,32.0,18.0,26.0,39.0,40.0,-2.8571428571428577
392,2020-05-17,36061,36061-2020-05-17,12,15.142857142857142,12.0,16.0,22.0,10.0,17.0,17.0,-1.1428571428571423
393,2020-05-17,36081,36081-2020-05-17,30,27.571428571428573,26.0,28.0,26.0,32.0,23.0,28.0,-0.4285714285714306
394,2020-05-17,36085,36085-2020-05-17,2,4.857142857142857,2.0,6.0,8.0,6.0,6.0,4.0,-0.2857142857142856
396,2020-05-18,36005,36005-2020-05-18,11,18.285714285714285,21.0,27.0,16.0,12.0,18.0,23.0,-1.2857142857142847
395,2020-05-18,36047,36047-2020-05-18,20,27.428571428571427,24.0,33.0,32.0,18.0,26.0,39.0,-2.5714285714285694
397,2020-05-18,36061,36061-2020-05-18,9,14.0,12.0,12.0,16.0,22.0,10.0,17.0,-1.0
398,2020-05-18,36081,36081-2020-05-18,25,27.142857142857142,30.0,26.0,28.0,26.0,32.0,23.0,-1.2857142857142847
399,2020-05-18,36085,36085-2020-05-18,2,4.571428571428571,2.0,2.0,6.0,8.0,6.0,6.0,-0.14285714285714235
401,2020-05-19,36005,36005-2020-05-19,14,17.0,11.0,21.0,27.0,16.0,12.0,18.0,-0.42857142857142705
400,2020-05-19,36047,36047-2020-05-19,21,24.857142857142858,20.0,24.0,33.0,32.0,18.0,26.0,-0.571428571428573
402,2020-05-19,36061,36061-2020-05-19,10,13.0,9.0,12.0,12.0,16.0,22.0,10.0,0.4285714285714288
403,2020-05-19,36081,36081-2020-05-19,14,25.857142857142858,25.0,30.0,26.0,28.0,26.0,32.0,-0.7142857142857153
404,2020-05-19,36085,36085-2020-05-19,5,4.428571428571429,2.0,2.0,2.0,6.0,8.0,6.0,0.14285714285714235
406,2020-05-20,36005,36005-2020-05-20,15,16.571428571428573,14.0,11.0,21.0,27.0,16.0,12.0,0.2857142857142847
405,2020-05-20,36047,36047-2020-05-20,22,24.285714285714285,21.0,20.0,24.0,33.0,32.0,18.0,0.14285714285714235
407,2020-05-20,36061,36061-2020-05-20,13,13.428571428571429,10.0,9.0,12.0,12.0,16.0,22.0,-2.2857142857142865
408,2020-05-20,36081,36081-2020-05-20,27,25.142857142857142,14.0,25.0,30.0,26.0,28.0,26.0,-2.428571428571427
409,2020-05-20,36085,36085-2020-05-20,7,4.571428571428571,5.0,2.0,2.0,2.0,6.0,8.0,-0.714285714285714
411,2020-05-21,36005,36005-2020-05-21,14,16.857142857142858,15.0,14.0,11.0,21.0,27.0,16.0,-0.14285714285714235
410,2020-05-21,36047,36047-2020-05-21,19,24.428571428571427,22.0,21.0,20.0,24.0,33.0,32.0,-1.2857142857142847
412,2020-05-21,36061,36061-2020-05-21,6,11.142857142857142,13.0,10.0,9.0,12.0,12.0,16.0,-1.4285714285714288
413,2020-05-21,36081,36081-2020-05-21,9,22.714285714285715,27.0,14.0,25.0,30.0,26.0,28.0,0.14285714285714235
414,2020-05-21,36085,36085-2020-05-21,3,3.857142857142857,7.0,5.0,2.0,2.0,2.0,6.0,-0.0
416,2020-05-22,36005,36005-2020-05-22,15,16.714285714285715,14.0,15.0,14.0,11.0,21.0,27.0,-1.4285714285714288
415,2020-05-22,36047,36047-2020-05-22,23,23.142857142857142,19.0,22.0,21.0,20.0,24.0,33.0,-1.5714285714285694
417,2020-05-22,36061,36061-2020-05-22,6,9.714285714285714,6.0,13.0,10.0,9.0,12.0,12.0,-0.5714285714285712
418,2020-05-22,36081,36081-2020-05-22,29,22.857142857142858,9.0,27.0,14.0,25.0,30.0,26.0,-1.571428571428573
419,2020-05-22,36085,36085-2020-05-22,6,3.857142857142857,3.0,7.0,5.0,2.0,2.0,2.0,-0.0
421,2020-05-23,36005,36005-2020-05-23,17,15.285714285714286,15.0,14.0,15.0,14.0,11.0,21.0,-1.1428571428571441
420,2020-05-23,36047,36047-2020-05-23,22,21.571428571428573,23.0,19.0,22.0,21.0,20.0,24.0,-1.4285714285714306
422,2020-05-23,36061,36061-2020-05-23,8,9.142857142857142,6.0,6.0,13.0,10.0,9.0,12.0,-0.7142857142857135
423,2020-05-23,36081,36081-2020-05-23,15,21.285714285714285,29.0,9.0,27.0,14.0,25.0,30.0,-2.1428571428571423
424,2020-05-23,36085,36085-2020-05-23,2,3.857142857142857,6.0,3.0,7.0,5.0,2.0,2.0,0.4285714285714284
426,2020-05-24,36005,36005-2020-05-24,13,14.142857142857142,17.0,15.0,14.0,15.0,14.0,11.0,-0.14285714285714235
425,2020-05-24,36047,36047-2020-05-24,14,20.142857142857142,22.0,23.0,19.0,22.0,21.0,20.0,-0.8571428571428577
427,2020-05-24,36061,36061-2020-05-24,7,8.428571428571429,8.0,6.0,6.0,13.0,10.0,9.0,0.5714285714285712
428,2020-05-24,36081,36081-2020-05-24,15,19.142857142857142,15.0,29.0,9.0,27.0,14.0,25.0,-1.5714285714285694
429,2020-05-24,36085,36085-2020-05-24,5,4.285714285714286,2.0,6.0,3.0,7.0,5.0,2.0,-0.0
431,2020-05-25,36005,36005-2020-05-25,10,14.0,13.0,17.0,15.0,14.0,15.0,14.0,-0.2857142857142865
430,2020-05-25,36047,36047-2020-05-25,14,19.285714285714285,14.0,22.0,23.0,19.0,22.0,21.0,-1.2857142857142847
432,2020-05-25,36061,36061-2020-05-25,13,9.0,7.0,8.0,6.0,6.0,13.0,10.0,-0.2857142857142865
433,2020-05-25,36081,36081-2020-05-25,14,17.571428571428573,15.0,15.0,29.0,9.0,27.0,14.0,-0.7142857142857153
434,2020-05-25,36085,36085-2020-05-25,2,4.285714285714286,5.0,2.0,6.0,3.0,7.0,5.0,-0.5714285714285712
436,2020-05-26,36005,36005-2020-05-26,12,13.714285714285714,10.0,13.0,17.0,15.0,14.0,15.0,-0.8571428571428559
435,2020-05-26,36047,36047-2020-05-26,12,18.0,14.0,14.0,22.0,23.0,19.0,22.0,-1.428571428571427
437,2020-05-26,36061,36061-2020-05-26,8,8.714285714285714,13.0,7.0,8.0,6.0,6.0,13.0,-0.42857142857142705
438,2020-05-26,36081,36081-2020-05-26,9,16.857142857142858,14.0,15.0,15.0,29.0,9.0,27.0,-1.2857142857142865
439,2020-05-26,36085,36085-2020-05-26,1,3.7142857142857144,2.0,5.0,2.0,6.0,3.0,7.0,-0.7142857142857144
441,2020-05-27,36005,36005-2020-05-27,9,12.857142857142858,12.0,10.0,13.0,17.0,15.0,14.0,-0.2857142857142865
440,2020-05-27,36047,36047-2020-05-27,12,16.571428571428573,12.0,14.0,14.0,22.0,23.0,19.0,-0.571428571428573
442,2020-05-27,36061,36061-2020-05-27,10,8.285714285714286,8.0,13.0,7.0,8.0,6.0,6.0,-0.4285714285714297
443,2020-05-27,36081,36081-2020-05-27,18,15.571428571428571,9.0,14.0,15.0,15.0,29.0,9.0,0.14285714285714235
444,2020-05-27,36085,36085-2020-05-27,2,3.0,1.0,2.0,5.0,2.0,6.0,3.0,-0.2857142857142856
446,2020-05-28,36005,36005-2020-05-28,12,12.571428571428571,9.0,12.0,10.0,13.0,17.0,15.0,-0.8571428571428577
445,2020-05-28,36047,36047-2020-05-28,15,16.0,12.0,12.0,14.0,14.0,22.0,23.0,-0.7142857142857135
447,2020-05-28,36061,36061-2020-05-28,3,7.857142857142857,10.0,8.0,13.0,7.0,8.0,6.0,-0.0
448,2020-05-28,36081,36081-2020-05-28,10,15.714285714285714,18.0,9.0,14.0,15.0,15.0,29.0,-2.1428571428571423
449,2020-05-28,36085,36085-2020-05-28,1,2.7142857142857144,2.0,1.0,2.0,5.0,2.0,6.0,-0.28571428571428603
451,2020-05-29,36005,36005-2020-05-29,9,11.714285714285714,12.0,9.0,12.0,10.0,13.0,17.0,-0.42857142857142705
450,2020-05-29,36047,36047-2020-05-29,18,15.285714285714286,15.0,12.0,12.0,14.0,14.0,22.0,-1.7142857142857153
452,2020-05-29,36061,36061-2020-05-29,6,7.857142857142857,3.0,10.0,8.0,13.0,7.0,8.0,0.8571428571428568
453,2020-05-29,36081,36081-2020-05-29,14,13.571428571428571,10.0,18.0,9.0,14.0,15.0,15.0,0.2857142857142865
454,2020-05-29,36085,36085-2020-05-29,4,2.4285714285714284,1.0,2.0,1.0,2.0,5.0,2.0,-0.1428571428571428
456,2020-05-30,36005,36005-2020-05-30,14,11.285714285714286,9.0,12.0,9.0,12.0,10.0,13.0,-0.0
455,2020-05-30,36047,36047-2020-05-30,10,13.571428571428571,18.0,15.0,12.0,12.0,14.0,14.0,-0.0
457,2020-05-30,36061,36061-2020-05-30,14,8.714285714285714,6.0,3.0,10.0,8.0,13.0,7.0,-0.0
458,2020-05-30,36081,36081-2020-05-30,17,13.857142857142858,14.0,10.0,18.0,9.0,14.0,15.0,-0.0
459,2020-05-30,36085,36085-2020-05-30,1,2.2857142857142856,4.0,1.0,2.0,1.0,2.0,5.0,-0.0
