CASE_COUNT,CASE_COUNT_7DAY_AVG,CASE_COUNT_PREV_0,CASE_COUNT_PREV_1,CASE_COUNT_PREV_2,CASE_COUNT_PREV_3,CASE_COUNT_PREV_4,CASE_COUNT_PREV_5,DEATH_COUNT,DEATH_COUNT_7DAY_AVG,DEATH_COUNT_PREV_0,DEATH_COUNT_PREV_1,DEATH_COUNT_PREV_2,DEATH_COUNT_PREV_3,DEATH_COUNT_PREV_4,DEATH_COUNT_PREV_5,retail_and_recreation_percent_change_from_baseline,grocery_and_pharmacy_percent_change_from_baseline,parks_percent_change_from_baseline,transit_stations_percent_change_from_baseline,workplaces_percent_change_from_baseline,residential_percent_change_from_baseline
0,0.0,0.0,0.0,0.0,0.0,0.0,0.0,0,0.0,0.0,0.0,0.0,0.0,0.0,0.0,10.0,-1.0,-15.0,8.0,4.0,-1.0
0,0.0,0.0,0.0,0.0,0.0,0.0,0.0,0,0.0,0.0,0.0,0.0,0.0,0.0,0.0,6.0,3.0,-5.0,3.0,6.0,-1.0
1,0.14285714285714285,0.0,0.0,0.0,0.0,0.0,0.0,0,0.0,0.0,0.0,0.0,0.0,0.0,0.0,1.0,2.0,-2.0,-1.0,6.0,0.0
0,0.0,0.0,0.0,0.0,0.0,0.0,0.0,0,0.0,0.0,0.0,0.0,0.0,0.0,0.0,4.0,1.0,0.0,-1.0,5.0,0.0
0,0.0,0.0,0.0,0.0,0.0,0.0,0.0,0,0.0,0.0,0.0,0.0,0.0,0.0,0.0,4.0,4.0,-8.0,-3.0,7.0,-1.0
0,0.0,0.0,0.0,0.0,0.0,0.0,0.0,0,0.0,0.0,0.0,0.0,0.0,0.0,0.0,9.0,2.0,-6.0,3.0,0.0,0.0
0,0.0,0.0,0.0,0.0,0.0,0.0,0.0,0,0.0,0.0,0.0,0.0,0.0,0.0,0.0,7.0,3.0,3.0,0.0,2.0,0.0
0,0.14285714285714285,1.0,0.0,0.0,0.0,0.0,0.0,0,0.0,0.0,0.0,0.0,0.0,0.0,0.0,-3.0,2.0,-7.0,-3.0,1.0,0.0
0,0.0,0.0,0.0,0.0,0.0,0.0,0.0,0,0.0,0.0,0.0,0.0,0.0,0.0,0.0,3.0,1.0,14.0,-4.0,1.0,0.0
0,0.0,0.0,0.0,0.0,0.0,0.0,0.0,0,0.0,0.0,0.0,0.0,0.0,0.0,0.0,7.0,4.0,11.0,4.0,3.0,-1.0
0,0.0,0.0,0.0,0.0,0.0,0.0,0.0,0,0.0,0.0,0.0,0.0,0.0,0.0,0.0,13.0,6.0,-7.0,8.0,6.0,-1.0
0,0.0,0.0,0.0,0.0,0.0,0.0,0.0,0,0.0,0.0,0.0,0.0,0.0,0.0,0.0,8.0,7.0,22.0,2.0,6.0,0.0
0,0.14285714285714285,0.0,1.0,0.0,0.0,0.0,0.0,0,0.0,0.0,0.0,0.0,0.0,0.0,0.0,3.0,6.0,17.0,-3.0,4.0,0.0
0,0.0,0.0,0.0,0.0,0.0,0.0,0.0,0,0.0,0.0,0.0,0.0,0.0,0.0,0.0,4.0,5.0,25.0,-4.0,6.0,0.0
0,0.0,0.0,0.0,0.0,0.0,0.0,0.0,0,0.0,0.0,0.0,0.0,0.0,0.0,0.0,8.0,5.0,20.0,1.0,5.0,0.0
0,0.0,0.0,0.0,0.0,0.0,0.0,0.0,0,0.0,0.0,0.0,0.0,0.0,0.0,0.0,8.0,7.0,6.0,4.0,4.0,0.0
0,0.0,0.0,0.0,0.0,0.0,0.0,0.0,0,0.0,0.0,0.0,0.0,0.0,0.0,0.0,4.0,6.0,6.0,2.0,4.0,0.0
0,0.14285714285714285,0.0,0.0,1.0,0.0,0.0,0.0,0,0.0,0.0,0.0,0.0,0.0,0.0,0.0,0.0,6.0,5.0,-1.0,3.0,0.0
1,0.14285714285714285,0.0,0.0,0.0,0.0,0.0,0.0,0,0.0,0.0,0.0,0.0,0.0,0.0,0.0,2.0,4.0,9.0,-3.0,4.0,0.0
0,0.0,0.0,0.0,0.0,0.0,0.0,0.0,0,0.0,0.0,0.0,0.0,0.0,0.0,0.0,3.0,1.0,3.0,2.0,5.0,0.0
0,0.0,0.0,0.0,0.0,0.0,0.0,0.0,0,0.0,0.0,0.0,0.0,0.0,0.0,0.0,11.0,7.0,16.0,2.0,2.0,-1.0
1,0.14285714285714285,0.0,0.0,0.0,0.0,0.0,0.0,0,0.0,0.0,0.0,0.0,0.0,0.0,0.0,9.0,10.0,19.0,2.0,2.0,0.0
2,0.42857142857142855,0.0,0.0,0.0,1.0,0.0,0.0,0,0.0,0.0,0.0,0.0,0.0,0.0,0.0,3.0,9.0,13.0,-3.0,2.0,0.0
2,0.42857142857142855,1.0,0.0,0.0,0.0,0.0,0.0,0,0.0,0.0,0.0,0.0,0.0,0.0,0.0,7.0,8.0,28.0,-4.0,2.0,0.0
0,0.0,0.0,0.0,0.0,0.0,0.0,0.0,0,0.0,0.0,0.0,0.0,0.0,0.0,0.0,7.0,5.0,12.0,3.0,3.0,0.0
0,0.0,0.0,0.0,0.0,0.0,0.0,0.0,0,0.0,0.0,0.0,0.0,0.0,0.0,0.0,13.0,12.0,18.0,2.0,3.0,-1.0
3,0.5714285714285714,1.0,0.0,0.0,0.0,0.0,0.0,0,0.0,0.0,0.0,0.0,0.0,0.0,0.0,11.0,10.0,24.0,1.0,4.0,-1.0
0,0.42857142857142855,2.0,0.0,0.0,0.0,1.0,0.0,0,0.0,0.0,0.0,0.0,0.0,0.0,0.0,2.0,10.0,14.0,-2.0,2.0,0.0
0,0.42857142857142855,2.0,1.0,0.0,0.0,0.0,0.0,0,0.0,0.0,0.0,0.0,0.0,0.0,0.0,8.0,8.0,31.0,-2.0,3.0,0.0
0,0.0,0.0,0.0,0.0,0.0,0.0,0.0,0,0.0,0.0,0.0,0.0,0.0,0.0,0.0,7.0,6.0,12.0,3.0,3.0,-1.0
2,0.2857142857142857,0.0,0.0,0.0,0.0,0.0,0.0,0,0.0,0.0,0.0,0.0,0.0,0.0,0.0,-2.0,-1.0,4.0,-4.0,2.0,1.0
1,0.7142857142857143,3.0,1.0,0.0,0.0,0.0,0.0,0,0.0,0.0,0.0,0.0,0.0,0.0,0.0,-3.0,-1.0,-13.0,-2.0,4.0,2.0
3,0.8571428571428571,0.0,2.0,0.0,0.0,0.0,1.0,0,0.0,0.0,0.0,0.0,0.0,0.0,0.0,-8.0,-3.0,-18.0,-4.0,-1.0,3.0
1,0.5714285714285714,0.0,2.0,1.0,0.0,0.0,0.0,0,0.0,0.0,0.0,0.0,0.0,0.0,0.0,-4.0,-2.0,-10.0,-5.0,4.0,1.0
1,0.14285714285714285,0.0,0.0,0.0,0.0,0.0,0.0,0,0.0,0.0,0.0,0.0,0.0,0.0,0.0,-5.0,-4.0,-10.0,-3.0,2.0,1.0
0,0.2857142857142857,2.0,0.0,0.0,0.0,0.0,0.0,0,0.0,0.0,0.0,0.0,0.0,0.0,0.0,13.0,6.0,20.0,9.0,6.0,-1.0
2,1.0,1.0,3.0,1.0,0.0,0.0,0.0,0,0.0,0.0,0.0,0.0,0.0,0.0,0.0,10.0,10.0,30.0,7.0,6.0,0.0
1,0.8571428571428571,3.0,0.0,2.0,0.0,0.0,0.0,0,0.0,0.0,0.0,0.0,0.0,0.0,0.0,1.0,9.0,8.0,-2.0,7.0,0.0
3,1.0,1.0,0.0,2.0,1.0,0.0,0.0,0,0.0,0.0,0.0,0.0,0.0,0.0,0.0,6.0,9.0,27.0,-2.0,6.0,0.0
1,0.2857142857142857,1.0,0.0,0.0,0.0,0.0,0.0,0,0.0,0.0,0.0,0.0,0.0,0.0,0.0,4.0,8.0,26.0,3.0,7.0,0.0
3,0.7142857142857143,0.0,2.0,0.0,0.0,0.0,0.0,0,0.0,0.0,0.0,0.0,0.0,0.0,0.0,10.0,6.0,41.0,4.0,0.0,-1.0
5,1.7142857142857142,2.0,1.0,3.0,1.0,0.0,0.0,0,0.0,0.0,0.0,0.0,0.0,0.0,0.0,11.0,8.0,58.0,3.0,2.0,0.0
6,1.7142857142857142,1.0,3.0,0.0,2.0,0.0,0.0,0,0.0,0.0,0.0,0.0,0.0,0.0,0.0,-5.0,3.0,11.0,-4.0,0.0,0.0
6,1.8571428571428572,3.0,1.0,0.0,2.0,1.0,0.0,0,0.0,0.0,0.0,0.0,0.0,0.0,0.0,4.0,6.0,85.0,-7.0,0.0,0.0
1,0.42857142857142855,1.0,1.0,0.0,0.0,0.0,0.0,0,0.0,0.0,0.0,0.0,0.0,0.0,0.0,6.0,4.0,62.0,4.0,1.0,0.0
4,1.2857142857142858,3.0,0.0,2.0,0.0,0.0,0.0,0,0.0,0.0,0.0,0.0,0.0,0.0,0.0,15.0,7.0,33.0,3.0,4.0,0.0
16,4.0,5.0,2.0,1.0,3.0,1.0,0.0,0,0.0,0.0,0.0,0.0,0.0,0.0,0.0,10.0,9.0,70.0,0.0,2.0,1.0
24,5.142857142857143,6.0,1.0,3.0,0.0,2.0,0.0,0,0.0,0.0,0.0,0.0,0.0,0.0,0.0,0.0,6.0,34.0,-7.0,-3.0,2.0
10,3.2857142857142856,6.0,3.0,1.0,0.0,2.0,1.0,0,0.0,0.0,0.0,0.0,0.0,0.0,0.0,7.0,8.0,84.0,-7.0,4.0,0.0
3,0.8571428571428571,1.0,1.0,1.0,0.0,0.0,0.0,0,0.0,0.0,0.0,0.0,0.0,0.0,0.0,9.0,6.0,49.0,4.0,3.0,0.0
8,2.4285714285714284,4.0,3.0,0.0,2.0,0.0,0.0,0,0.0,0.0,0.0,0.0,0.0,0.0,0.0,6.0,10.0,9.0,0.0,1.0,1.0
11,5.571428571428571,16.0,5.0,2.0,1.0,3.0,1.0,0,0.0,0.0,0.0,0.0,0.0,0.0,0.0,1.0,9.0,28.0,-4.0,-6.0,2.0
24,8.571428571428571,24.0,6.0,1.0,3.0,0.0,2.0,0,0.0,0.0,0.0,0.0,0.0,0.0,0.0,-6.0,7.0,12.0,-11.0,-7.0,4.0
24,6.571428571428571,10.0,6.0,3.0,1.0,0.0,2.0,0,0.0,0.0,0.0,0.0,0.0,0.0,0.0,4.0,10.0,33.0,-10.0,0.0,2.0
2,1.1428571428571428,3.0,1.0,1.0,1.0,0.0,0.0,0,0.0,0.0,0.0,0.0,0.0,0.0,0.0,3.0,6.0,6.0,2.0,1.0,1.0
19,5.142857142857143,8.0,4.0,3.0,0.0,2.0,0.0,0,0.0,0.0,0.0,0.0,0.0,0.0,0.0,7.0,10.0,14.0,-2.0,0.0,1.0
31,9.857142857142858,11.0,16.0,5.0,2.0,1.0,3.0,0,0.0,0.0,0.0,0.0,0.0,0.0,0.0,3.0,12.0,32.0,-6.0,-4.0,2.0
62,17.142857142857142,24.0,24.0,6.0,1.0,3.0,0.0,0,0.0,0.0,0.0,0.0,0.0,0.0,0.0,-10.0,7.0,9.0,-15.0,-12.0,5.0
40,12.0,24.0,10.0,6.0,3.0,1.0,0.0,1,0.14285714285714285,0.0,0.0,0.0,0.0,0.0,0.0,5.0,12.0,38.0,-10.0,-1.0,2.0
3,1.5714285714285714,2.0,3.0,1.0,1.0,1.0,0.0,0,0.0,0.0,0.0,0.0,0.0,0.0,0.0,6.0,9.0,14.0,-4.0,1.0,1.0
29,9.285714285714286,19.0,8.0,4.0,3.0,0.0,2.0,0,0.0,0.0,0.0,0.0,0.0,0.0,0.0,6.0,29.0,2.0,-7.0,-3.0,2.0
96,23.142857142857142,31.0,11.0,16.0,5.0,2.0,1.0,0,0.0,0.0,0.0,0.0,0.0,0.0,0.0,2.0,31.0,3.0,-11.0,-7.0,4.0
137,36.714285714285715,62.0,24.0,24.0,6.0,1.0,3.0,0,0.0,0.0,0.0,0.0,0.0,0.0,0.0,-19.0,20.0,-4.0,-20.0,-18.0,8.0
80,23.428571428571427,40.0,24.0,10.0,6.0,3.0,1.0,0,0.14285714285714285,1.0,0.0,0.0,0.0,0.0,0.0,2.0,31.0,12.0,-14.0,-5.0,4.0
13,3.4285714285714284,3.0,2.0,3.0,1.0,1.0,1.0,0,0.0,0.0,0.0,0.0,0.0,0.0,0.0,3.0,24.0,1.0,-9.0,-3.0,3.0
79,20.285714285714285,29.0,19.0,8.0,4.0,3.0,0.0,0,0.0,0.0,0.0,0.0,0.0,0.0,0.0,-1.0,28.0,7.0,-13.0,-6.0,4.0
166,46.714285714285715,96.0,31.0,11.0,16.0,5.0,2.0,0,0.0,0.0,0.0,0.0,0.0,0.0,0.0,-5.0,32.0,20.0,-15.0,-11.0,6.0
182,62.285714285714285,137.0,62.0,24.0,24.0,6.0,1.0,0,0.0,0.0,0.0,0.0,0.0,0.0,0.0,-30.0,12.0,-18.0,-30.0,-26.0,10.0
166,47.0,80.0,40.0,24.0,10.0,6.0,3.0,0,0.14285714285714285,0.0,1.0,0.0,0.0,0.0,0.0,-2.0,36.0,30.0,-18.0,-8.0,6.0
26,7.0,13.0,3.0,2.0,3.0,1.0,1.0,0,0.0,0.0,0.0,0.0,0.0,0.0,0.0,-4.0,24.0,11.0,-16.0,-9.0,6.0
86,32.57142857142857,79.0,29.0,19.0,8.0,4.0,3.0,0,0.0,0.0,0.0,0.0,0.0,0.0,0.0,1.0,22.0,21.0,-4.0,-2.0,3.0
163,69.71428571428571,166.0,96.0,31.0,11.0,16.0,5.0,1,0.14285714285714285,0.0,0.0,0.0,0.0,0.0,0.0,-8.0,25.0,53.0,-16.0,-4.0,4.0
176,87.28571428571429,182.0,137.0,62.0,24.0,24.0,6.0,1,0.14285714285714285,0.0,0.0,0.0,0.0,0.0,0.0,-37.0,7.0,-14.0,-35.0,-9.0,5.0
194,74.28571428571429,166.0,80.0,40.0,24.0,10.0,6.0,1,0.2857142857142857,0.0,0.0,1.0,0.0,0.0,0.0,-6.0,26.0,67.0,-20.0,-3.0,4.0
23,10.142857142857142,26.0,13.0,3.0,2.0,3.0,1.0,0,0.0,0.0,0.0,0.0,0.0,0.0,0.0,-11.0,15.0,30.0,-13.0,-1.0,4.0
119,49.142857142857146,86.0,79.0,29.0,19.0,8.0,4.0,1,0.14285714285714285,0.0,0.0,0.0,0.0,0.0,0.0,-7.0,17.0,21.0,-14.0,-10.0,4.0
432,130.71428571428572,163.0,166.0,96.0,31.0,11.0,16.0,0,0.14285714285714285,1.0,0.0,0.0,0.0,0.0,0.0,-15.0,15.0,35.0,-22.0,-9.0,5.0
205,115.71428571428571,176.0,182.0,137.0,62.0,24.0,24.0,2,0.42857142857142855,1.0,0.0,0.0,0.0,0.0,0.0,-46.0,-2.0,-28.0,-42.0,-17.0,7.0
231,106.42857142857143,194.0,166.0,80.0,40.0,24.0,10.0,1,0.42857142857142855,1.0,0.0,0.0,1.0,0.0,0.0,-13.0,17.0,69.0,-27.0,-10.0,5.0
47,16.714285714285715,23.0,26.0,13.0,3.0,2.0,3.0,0,0.0,0.0,0.0,0.0,0.0,0.0,0.0,-13.0,8.0,42.0,-18.0,-6.0,5.0
305,92.14285714285714,119.0,86.0,79.0,29.0,19.0,8.0,3,0.5714285714285714,1.0,0.0,0.0,0.0,0.0,0.0,-10.0,24.0,-19.0,-27.0,-23.0,10.0
740,234.14285714285714,432.0,163.0,166.0,96.0,31.0,11.0,2,0.42857142857142855,0.0,1.0,0.0,0.0,0.0,0.0,-16.0,24.0,-12.0,-33.0,-32.0,14.0
457,177.57142857142858,205.0,176.0,182.0,137.0,62.0,24.0,0,0.42857142857142855,2.0,1.0,0.0,0.0,0.0,0.0,-48.0,-4.0,-40.0,-48.0,-48.0,18.0
528,180.42857142857142,231.0,194.0,166.0,80.0,40.0,24.0,4,1.0,1.0,1.0,0.0,0.0,1.0,0.0,-15.0,29.0,-1.0,-34.0,-27.0,13.0
91,29.285714285714285,47.0,23.0,26.0,13.0,3.0,2.0,0,0.0,0.0,0.0,0.0,0.0,0.0,0.0,-10.0,20.0,-10.0,-34.0,-26.0,12.0
343,140.0,305.0,119.0,86.0,79.0,29.0,19.0,1,0.7142857142857143,3.0,1.0,0.0,0.0,0.0,0.0,-22.0,18.0,-21.0,-31.0,-29.0,13.0
783,344.42857142857144,740.0,432.0,163.0,166.0,96.0,31.0,7,1.4285714285714286,2.0,0.0,1.0,0.0,0.0,0.0,-27.0,19.0,-2.0,-39.0,-37.0,17.0
567,255.14285714285714,457.0,205.0,176.0,182.0,137.0,62.0,0,0.42857142857142855,0.0,2.0,1.0,0.0,0.0,0.0,-61.0,-9.0,-40.0,-55.0,-55.0,21.0
650,269.85714285714283,528.0,231.0,194.0,166.0,80.0,40.0,3,1.4285714285714286,4.0,1.0,1.0,0.0,0.0,1.0,-26.0,24.0,12.0,-40.0,-35.0,17.0
108,44.42857142857143,91.0,47.0,23.0,26.0,13.0,3.0,1,0.14285714285714285,0.0,0.0,0.0,0.0,0.0,0.0,-23.0,9.0,-14.0,-42.0,-30.0,15.0
482,206.14285714285714,343.0,305.0,119.0,86.0,79.0,29.0,2,1.0,1.0,3.0,1.0,0.0,0.0,0.0,-21.0,13.0,-9.0,-33.0,-32.0,14.0
965,477.85714285714283,783.0,740.0,432.0,163.0,166.0,96.0,8,2.5714285714285716,7.0,2.0,0.0,1.0,0.0,0.0,-29.0,16.0,13.0,-42.0,-41.0,18.0
538,323.14285714285717,567.0,457.0,205.0,176.0,182.0,137.0,5,1.1428571428571428,0.0,0.0,2.0,1.0,0.0,0.0,-65.0,-15.0,-38.0,-59.0,-58.0,22.0
835,383.42857142857144,650.0,528.0,231.0,194.0,166.0,80.0,9,2.5714285714285716,3.0,4.0,1.0,1.0,0.0,0.0,-28.0,19.0,38.0,-44.0,-38.0,18.0
150,65.42857142857143,108.0,91.0,47.0,23.0,26.0,13.0,0,0.14285714285714285,1.0,0.0,0.0,0.0,0.0,0.0,-24.0,7.0,1.0,-44.0,-33.0,16.0
623,291.0,482.0,343.0,305.0,119.0,86.0,79.0,7,2.0,2.0,1.0,3.0,1.0,0.0,0.0,-29.0,5.0,-24.0,-38.0,-36.0,16.0
1204,636.1428571428571,965.0,783.0,740.0,432.0,163.0,166.0,6,3.4285714285714284,8.0,7.0,2.0,0.0,1.0,0.0,-36.0,3.0,-5.0,-46.0,-45.0,21.0
555,382.85714285714283,538.0,567.0,457.0,205.0,176.0,182.0,4,1.7142857142857142,5.0,0.0,0.0,2.0,1.0,0.0,-70.0,-25.0,-51.0,-63.0,-62.0,25.0
1065,524.1428571428571,835.0,650.0,528.0,231.0,194.0,166.0,6,3.4285714285714284,9.0,3.0,4.0,1.0,1.0,0.0,-36.0,5.0,5.0,-50.0,-43.0,22.0
258,100.42857142857143,150.0,108.0,91.0,47.0,23.0,26.0,4,0.7142857142857143,0.0,1.0,0.0,0.0,0.0,0.0,-31.0,1.0,-16.0,-48.0,-38.0,18.0
723,383.0,623.0,482.0,343.0,305.0,119.0,86.0,13,3.857142857142857,7.0,2.0,1.0,3.0,1.0,0.0,-30.0,13.0,-8.0,-38.0,-40.0,18.0
1136,774.7142857142857,1204.0,965.0,783.0,740.0,432.0,163.0,10,4.857142857142857,6.0,8.0,7.0,2.0,0.0,1.0,-39.0,13.0,23.0,-46.0,-48.0,22.0
653,450.14285714285717,555.0,538.0,567.0,457.0,205.0,176.0,12,3.4285714285714284,4.0,5.0,0.0,0.0,2.0,1.0,-71.0,-21.0,-49.0,-64.0,-63.0,26.0
1185,669.7142857142857,1065.0,835.0,650.0,528.0,231.0,194.0,10,4.857142857142857,6.0,9.0,3.0,4.0,1.0,1.0,-36.0,17.0,40.0,-51.0,-47.0,23.0
310,141.0,258.0,150.0,108.0,91.0,47.0,23.0,4,1.2857142857142858,4.0,0.0,1.0,0.0,0.0,0.0,-32.0,7.0,10.0,-46.0,-42.0,21.0
491,440.85714285714283,723.0,623.0,482.0,343.0,305.0,119.0,14,5.857142857142857,13.0,7.0,2.0,1.0,3.0,1.0,-33.0,12.0,-10.0,-32.0,-31.0,13.0
554,830.5714285714286,1136.0,1204.0,965.0,783.0,740.0,432.0,14,6.714285714285714,10.0,6.0,8.0,7.0,2.0,0.0,-46.0,7.0,15.0,-45.0,-32.0,13.0
399,482.0,653.0,555.0,538.0,567.0,457.0,205.0,6,4.142857142857143,12.0,4.0,5.0,0.0,0.0,2.0,-76.0,-23.0,-51.0,-67.0,-41.0,15.0
947,777.2857142857143,1185.0,1065.0,835.0,650.0,528.0,231.0,14,6.714285714285714,10.0,6.0,9.0,3.0,4.0,1.0,-43.0,9.0,40.0,-51.0,-38.0,16.0
248,173.14285714285714,310.0,258.0,150.0,108.0,91.0,47.0,3,1.7142857142857142,4.0,4.0,0.0,1.0,0.0,0.0,-42.0,1.0,12.0,-41.0,-26.0,14.0
495,494.57142857142856,491.0,723.0,623.0,482.0,343.0,305.0,12,7.428571428571429,14.0,13.0,7.0,2.0,1.0,3.0,-50.0,-11.0,-29.0,-46.0,-39.0,13.0
755,876.7142857142857,554.0,1136.0,1204.0,965.0,783.0,740.0,10,8.142857142857142,14.0,10.0,6.0,8.0,7.0,2.0,-57.0,-18.0,-27.0,-55.0,-40.0,15.0
317,498.0,399.0,653.0,555.0,538.0,567.0,457.0,9,5.142857142857143,6.0,12.0,4.0,5.0,0.0,0.0,-81.0,-38.0,-66.0,-73.0,-48.0,16.0
696,843.7142857142857,947.0,1185.0,1065.0,835.0,650.0,528.0,14,8.571428571428571,14.0,10.0,6.0,9.0,3.0,4.0,-57.0,-20.0,-7.0,-63.0,-45.0,16.0
317,211.71428571428572,248.0,310.0,258.0,150.0,108.0,91.0,7,2.7142857142857144,3.0,4.0,4.0,0.0,1.0,0.0,-50.0,-20.0,-14.0,-50.0,-32.0,14.0
730,555.2857142857143,495.0,491.0,723.0,623.0,482.0,343.0,14,9.0,12.0,14.0,13.0,7.0,2.0,1.0,-61.0,-38.0,-61.0,-60.0,-54.0,25.0
909,900.8571428571429,755.0,554.0,1136.0,1204.0,965.0,783.0,28,11.857142857142858,10.0,14.0,10.0,6.0,8.0,7.0,-66.0,-42.0,-67.0,-67.0,-62.0,30.0
530,508.42857142857144,317.0,399.0,653.0,555.0,538.0,567.0,10,6.571428571428571,9.0,6.0,12.0,4.0,5.0,0.0,-83.0,-57.0,-79.0,-77.0,-75.0,32.0
1192,938.5714285714286,696.0,947.0,1185.0,1065.0,835.0,650.0,36,13.142857142857142,14.0,14.0,10.0,6.0,9.0,3.0,-66.0,-42.0,-63.0,-72.0,-63.0,31.0
209,228.57142857142858,317.0,248.0,310.0,258.0,150.0,108.0,8,3.857142857142857,7.0,3.0,4.0,4.0,0.0,1.0,-58.0,-37.0,-66.0,-66.0,-55.0,27.0
927,638.7142857142857,730.0,495.0,491.0,723.0,623.0,482.0,14,10.857142857142858,14.0,12.0,14.0,13.0,7.0,2.0,-49.0,-13.0,-34.0,-52.0,-55.0,23.0
1212,962.1428571428571,909.0,755.0,554.0,1136.0,1204.0,965.0,28,14.857142857142858,28.0,10.0,14.0,10.0,6.0,8.0,-54.0,-14.0,2.0,-59.0,-62.0,28.0
619,515.8571428571429,530.0,317.0,399.0,653.0,555.0,538.0,19,9.285714285714286,10.0,9.0,6.0,12.0,4.0,5.0,-79.0,-39.0,-56.0,-73.0,-74.0,29.0
1389,1044.142857142857,1192.0,696.0,947.0,1185.0,1065.0,835.0,40,18.428571428571427,36.0,14.0,14.0,10.0,6.0,9.0,-53.0,-15.0,21.0,-66.0,-63.0,30.0
350,263.14285714285717,209.0,317.0,248.0,310.0,258.0,150.0,6,4.571428571428571,8.0,7.0,3.0,4.0,4.0,0.0,-43.0,-18.0,-7.0,-59.0,-55.0,25.0
1068,722.4285714285714,927.0,730.0,495.0,491.0,723.0,623.0,35,15.571428571428571,14.0,14.0,12.0,14.0,13.0,7.0,-54.0,-24.0,-49.0,-55.0,-56.0,25.0
1255,1003.5714285714286,1212.0,909.0,755.0,554.0,1136.0,1204.0,44,20.0,28.0,28.0,10.0,14.0,10.0,6.0,-60.0,-25.0,-44.0,-63.0,-63.0,29.0
586,522.7142857142857,619.0,530.0,317.0,399.0,653.0,555.0,24,12.0,19.0,10.0,9.0,6.0,12.0,4.0,-82.0,-48.0,-70.0,-75.0,-75.0,31.0
1570,1149.142857142857,1389.0,1192.0,696.0,947.0,1185.0,1065.0,36,22.285714285714285,40.0,36.0,14.0,14.0,10.0,6.0,-59.0,-26.0,-33.0,-69.0,-64.0,31.0
394,298.0,350.0,209.0,317.0,248.0,310.0,258.0,4,5.142857142857143,6.0,8.0,7.0,3.0,4.0,4.0,-50.0,-25.0,-47.0,-64.0,-56.0,27.0
998,776.0,1068.0,927.0,730.0,495.0,491.0,723.0,45,21.0,35.0,14.0,14.0,12.0,14.0,13.0,-48.0,-14.0,-30.0,-52.0,-57.0,24.0
1372,1027.5714285714287,1255.0,1212.0,909.0,755.0,554.0,1136.0,60,27.714285714285715,44.0,28.0,28.0,10.0,14.0,10.0,-55.0,-16.0,4.0,-61.0,-63.0,29.0
625,532.7142857142857,586.0,619.0,530.0,317.0,399.0,653.0,33,16.142857142857142,24.0,19.0,10.0,9.0,6.0,12.0,-81.0,-42.0,-56.0,-75.0,-75.0,31.0
1644,1231.857142857143,1570.0,1389.0,1192.0,696.0,947.0,1185.0,79,32.714285714285715,36.0,40.0,36.0,14.0,14.0,10.0,-55.0,-19.0,24.0,-68.0,-65.0,31.0
405,319.0,394.0,350.0,209.0,317.0,248.0,310.0,12,6.285714285714286,4.0,6.0,8.0,7.0,3.0,4.0,-45.0,-18.0,-1.0,-60.0,-57.0,26.0
1090,828.4285714285714,998.0,1068.0,927.0,730.0,495.0,491.0,47,25.857142857142858,45.0,35.0,14.0,14.0,12.0,14.0,-51.0,-19.0,-24.0,-52.0,-57.0,27.0
1425,1068.857142857143,1372.0,1255.0,1212.0,909.0,755.0,554.0,87,38.714285714285715,60.0,44.0,28.0,28.0,10.0,14.0,-57.0,-19.0,8.0,-59.0,-63.0,29.0
656,533.1428571428571,625.0,586.0,619.0,530.0,317.0,399.0,47,21.142857142857142,33.0,24.0,19.0,10.0,9.0,6.0,-81.0,-45.0,-59.0,-75.0,-74.0,32.0
1576,1287.7142857142858,1644.0,1570.0,1389.0,1192.0,696.0,947.0,74,41.857142857142854,79.0,36.0,40.0,36.0,14.0,14.0,-58.0,-21.0,28.0,-68.0,-65.0,33.0
372,327.85714285714283,405.0,394.0,350.0,209.0,317.0,248.0,7,6.714285714285714,12.0,4.0,6.0,8.0,7.0,3.0,-48.0,-18.0,1.0,-59.0,-57.0,28.0
761,867.0,1090.0,998.0,1068.0,927.0,730.0,495.0,74,34.42857142857143,47.0,45.0,35.0,14.0,14.0,12.0,-60.0,-28.0,-48.0,-53.0,-49.0,19.0
863,1113.0,1425.0,1372.0,1255.0,1212.0,909.0,755.0,92,49.857142857142854,87.0,60.0,44.0,28.0,28.0,10.0,-67.0,-30.0,-51.0,-62.0,-49.0,19.0
388,531.5714285714286,656.0,625.0,586.0,619.0,530.0,317.0,34,25.142857142857142,47.0,33.0,24.0,19.0,10.0,9.0,-86.0,-50.0,-77.0,-77.0,-56.0,20.0
1201,1324.0,1576.0,1644.0,1570.0,1389.0,1192.0,696.0,109,55.42857142857143,74.0,79.0,36.0,40.0,36.0,14.0,-68.0,-33.0,-49.0,-71.0,-58.0,23.0
265,330.2857142857143,372.0,405.0,394.0,350.0,209.0,317.0,14,8.285714285714286,7.0,12.0,4.0,6.0,8.0,7.0,-61.0,-27.0,-54.0,-60.0,-42.0,19.0
699,896.1428571428571,761.0,1090.0,998.0,1068.0,927.0,730.0,65,42.0,74.0,47.0,45.0,35.0,14.0,14.0,-64.0,-30.0,-51.0,-55.0,-50.0,16.0
1149,1169.2857142857142,863.0,1425.0,1372.0,1255.0,1212.0,909.0,110,64.14285714285714,92.0,87.0,60.0,44.0,28.0,28.0,-68.0,-33.0,-55.0,-63.0,-51.0,18.0
407,544.4285714285714,388.0,656.0,625.0,586.0,619.0,530.0,46,30.428571428571427,34.0,47.0,33.0,24.0,19.0,10.0,-86.0,-51.0,-79.0,-78.0,-57.0,19.0
1075,1378.142857142857,1201.0,1576.0,1644.0,1570.0,1389.0,1192.0,115,69.85714285714286,109.0,74.0,79.0,36.0,40.0,36.0,-69.0,-37.0,-52.0,-75.0,-58.0,20.0
230,317.85714285714283,265.0,372.0,405.0,394.0,350.0,209.0,20,10.142857142857142,14.0,7.0,12.0,4.0,6.0,8.0,-59.0,-31.0,-48.0,-60.0,-42.0,17.0
1315,979.7142857142857,699.0,761.0,1090.0,998.0,1068.0,927.0,94,53.42857142857143,65.0,74.0,47.0,45.0,35.0,14.0,-52.0,-23.0,-49.0,-54.0,-59.0,25.0
1754,1290.0,1149.0,863.0,1425.0,1372.0,1255.0,1212.0,133,79.14285714285714,110.0,92.0,87.0,60.0,44.0,28.0,-59.0,-26.0,-34.0,-64.0,-66.0,30.0
802,583.2857142857143,407.0,388.0,656.0,625.0,586.0,619.0,52,36.42857142857143,46.0,34.0,47.0,33.0,24.0,19.0,-82.0,-50.0,-68.0,-77.0,-77.0,31.0
1859,1473.4285714285713,1075.0,1201.0,1576.0,1644.0,1570.0,1389.0,125,82.57142857142857,115.0,109.0,74.0,79.0,36.0,40.0,-59.0,-28.0,-22.0,-73.0,-68.0,32.0
398,344.85714285714283,230.0,265.0,372.0,405.0,394.0,350.0,10,10.428571428571429,20.0,14.0,7.0,12.0,4.0,6.0,-49.0,-25.0,-41.0,-64.0,-60.0,27.0
1282,1030.4285714285713,1315.0,699.0,761.0,1090.0,998.0,1068.0,117,68.14285714285714,94.0,65.0,74.0,47.0,45.0,35.0,-52.0,-22.0,-53.0,-55.0,-61.0,26.0
1512,1332.857142857143,1754.0,1149.0,863.0,1425.0,1372.0,1255.0,156,97.42857142857143,133.0,110.0,92.0,87.0,60.0,44.0,-59.0,-24.0,-35.0,-65.0,-68.0,31.0
616,582.8571428571429,802.0,407.0,388.0,656.0,625.0,586.0,54,41.42857142857143,52.0,46.0,34.0,47.0,33.0,24.0,-83.0,-49.0,-67.0,-78.0,-78.0,32.0
1811,1533.7142857142858,1859.0,1075.0,1201.0,1576.0,1644.0,1570.0,126,94.85714285714286,125.0,115.0,109.0,74.0,79.0,36.0,-60.0,-28.0,-24.0,-73.0,-70.0,33.0
237,328.7142857142857,398.0,230.0,265.0,372.0,405.0,394.0,23,12.857142857142858,10.0,20.0,14.0,7.0,12.0,4.0,-49.0,-26.0,-40.0,-65.0,-62.0,28.0
1240,1055.0,1282.0,1315.0,699.0,761.0,1090.0,998.0,112,79.14285714285714,117.0,94.0,65.0,74.0,47.0,45.0,-47.0,-17.0,-44.0,-53.0,-62.0,26.0
1590,1380.7142857142858,1512.0,1754.0,1149.0,863.0,1425.0,1372.0,169,115.28571428571429,156.0,133.0,110.0,92.0,87.0,60.0,-56.0,-19.0,-13.0,-64.0,-68.0,30.0
573,581.0,616.0,802.0,407.0,388.0,656.0,625.0,74,48.57142857142857,54.0,52.0,46.0,34.0,47.0,33.0,-82.0,-46.0,-62.0,-78.0,-77.0,31.0
1781,1563.857142857143,1811.0,1859.0,1075.0,1201.0,1576.0,1644.0,182,115.71428571428571,126.0,125.0,115.0,109.0,74.0,79.0,-58.0,-25.0,-3.0,-73.0,-71.0,33.0
264,310.14285714285717,237.0,398.0,230.0,265.0,372.0,405.0,19,15.0,23.0,10.0,20.0,14.0,7.0,12.0,-45.0,-19.0,-18.0,-64.0,-62.0,28.0
1289,1096.5714285714287,1240.0,1282.0,1315.0,699.0,761.0,1090.0,142,93.0,112.0,117.0,94.0,65.0,74.0,47.0,-50.0,-16.0,-47.0,-55.0,-63.0,27.0
1610,1414.7142857142858,1590.0,1512.0,1754.0,1149.0,863.0,1425.0,222,138.42857142857142,169.0,156.0,133.0,110.0,92.0,87.0,-58.0,-20.0,-24.0,-65.0,-69.0,32.0
652,584.8571428571429,573.0,616.0,802.0,407.0,388.0,656.0,76,54.714285714285715,74.0,54.0,52.0,46.0,34.0,47.0,-84.0,-47.0,-67.0,-79.0,-78.0,33.0
1826,1589.857142857143,1781.0,1811.0,1859.0,1075.0,1201.0,1576.0,200,133.0,182.0,126.0,125.0,115.0,109.0,74.0,-60.0,-26.0,-21.0,-74.0,-71.0,35.0
369,305.0,264.0,237.0,398.0,230.0,265.0,372.0,36,18.428571428571427,19.0,23.0,10.0,20.0,14.0,7.0,-47.0,-19.0,-29.0,-65.0,-63.0,29.0
1452,1148.2857142857142,1289.0,1240.0,1282.0,1315.0,699.0,761.0,151,107.85714285714286,142.0,112.0,117.0,94.0,65.0,74.0,-55.0,-20.0,-51.0,-57.0,-63.0,30.0
1440,1416.857142857143,1610.0,1590.0,1512.0,1754.0,1149.0,863.0,209,155.85714285714286,222.0,169.0,156.0,133.0,110.0,92.0,-62.0,-23.0,-52.0,-65.0,-69.0,33.0
671,587.0,652.0,573.0,616.0,802.0,407.0,388.0,73,58.42857142857143,76.0,74.0,54.0,52.0,46.0,34.0,-85.0,-50.0,-79.0,-79.0,-78.0,34.0
1762,1616.4285714285713,1826.0,1781.0,1811.0,1859.0,1075.0,1201.0,210,152.42857142857142,200.0,182.0,126.0,125.0,115.0,109.0,-64.0,-29.0,-53.0,-74.0,-71.0,37.0
345,301.14285714285717,369.0,264.0,237.0,398.0,230.0,265.0,33,22.142857142857142,36.0,19.0,23.0,10.0,20.0,14.0,-53.0,-21.0,-51.0,-66.0,-63.0,31.0
1012,1184.142857142857,1452.0,1289.0,1240.0,1282.0,1315.0,699.0,150,118.71428571428571,151.0,142.0,112.0,117.0,94.0,65.0,-53.0,-17.0,-24.0,-46.0,-51.0,19.0
920,1425.0,1440.0,1610.0,1590.0,1512.0,1754.0,1149.0,233,176.0,209.0,222.0,169.0,156.0,133.0,110.0,-64.0,-22.0,-9.0,-60.0,-53.0,19.0
385,586.5714285714286,671.0,652.0,573.0,616.0,802.0,407.0,89,66.28571428571429,73.0,76.0,74.0,54.0,52.0,46.0,-85.0,-43.0,-62.0,-77.0,-57.0,19.0
1203,1616.7142857142858,1762.0,1826.0,1781.0,1811.0,1859.0,1075.0,220,168.28571428571428,210.0,200.0,182.0,126.0,125.0,115.0,-65.0,-28.0,4.0,-72.0,-61.0,23.0
345,312.57142857142856,345.0,369.0,264.0,237.0,398.0,230.0,23,23.428571428571427,33.0,36.0,19.0,23.0,10.0,20.0,-56.0,-20.0,-10.0,-56.0,-48.0,20.0
822,1201.7142857142858,1012.0,1452.0,1289.0,1240.0,1282.0,1315.0,158,132.0,150.0,151.0,142.0,112.0,117.0,94.0,-58.0,-22.0,-27.0,-51.0,-52.0,16.0
1144,1424.2857142857142,920.0,1440.0,1610.0,1590.0,1512.0,1754.0,224,192.28571428571428,233.0,209.0,222.0,169.0,156.0,133.0,-65.0,-30.0,-23.0,-62.0,-52.0,17.0
356,579.2857142857143,385.0,671.0,652.0,573.0,616.0,802.0,109,75.28571428571429,89.0,73.0,76.0,74.0,54.0,52.0,-85.0,-47.0,-67.0,-78.0,-56.0,18.0
1136,1625.4285714285713,1203.0,1762.0,1826.0,1781.0,1811.0,1859.0,239,186.0,220.0,210.0,200.0,182.0,126.0,125.0,-69.0,-38.0,-11.0,-77.0,-60.0,20.0
323,325.85714285714283,345.0,345.0,369.0,264.0,237.0,398.0,28,24.571428571428573,23.0,33.0,36.0,19.0,23.0,10.0,-57.0,-28.0,-9.0,-58.0,-46.0,16.0
1514,1230.142857142857,822.0,1012.0,1452.0,1289.0,1240.0,1282.0,154,140.57142857142858,158.0,150.0,151.0,142.0,112.0,117.0,-50.0,-20.0,-35.0,-55.0,-62.0,26.0
1461,1382.4285714285713,1144.0,920.0,1440.0,1610.0,1590.0,1512.0,261,210.57142857142858,224.0,233.0,209.0,222.0,169.0,156.0,-57.0,-22.0,-5.0,-65.0,-69.0,30.0
721,567.7142857142857,356.0,385.0,671.0,652.0,573.0,616.0,102,82.42857142857143,109.0,89.0,73.0,76.0,74.0,54.0,-83.0,-48.0,-61.0,-79.0,-77.0,31.0
1927,1635.142857142857,1136.0,1203.0,1762.0,1826.0,1781.0,1811.0,267,206.28571428571428,239.0,220.0,210.0,200.0,182.0,126.0,-61.0,-28.0,8.0,-75.0,-71.0,33.0
730,373.2857142857143,323.0,345.0,345.0,369.0,264.0,237.0,32,27.714285714285715,28.0,23.0,33.0,36.0,19.0,23.0,-48.0,-19.0,-7.0,-64.0,-64.0,28.0
1463,1256.0,1514.0,822.0,1012.0,1452.0,1289.0,1240.0,161,146.85714285714286,154.0,158.0,150.0,151.0,142.0,112.0,-60.0,-13.0,-36.0,-57.0,-64.0,26.0
1397,1366.0,1461.0,1144.0,920.0,1440.0,1610.0,1590.0,264,226.0,261.0,224.0,233.0,209.0,222.0,169.0,-61.0,-17.0,-11.0,-65.0,-70.0,31.0
605,566.1428571428571,721.0,356.0,385.0,671.0,652.0,573.0,122,92.14285714285714,102.0,109.0,89.0,73.0,76.0,74.0,-85.0,-47.0,-60.0,-80.0,-78.0,32.0
1949,1654.857142857143,1927.0,1136.0,1203.0,1762.0,1826.0,1781.0,248,223.71428571428572,267.0,239.0,220.0,210.0,200.0,182.0,-68.0,-21.0,5.0,-75.0,-72.0,34.0
630,429.42857142857144,730.0,323.0,345.0,345.0,369.0,264.0,36,29.571428571428573,32.0,28.0,23.0,33.0,36.0,19.0,-57.0,-4.0,-14.0,-65.0,-64.0,28.0
1304,1265.142857142857,1463.0,1514.0,822.0,1012.0,1452.0,1289.0,152,152.57142857142858,161.0,154.0,158.0,150.0,151.0,142.0,-61.0,-17.0,-38.0,-58.0,-64.0,27.0
1305,1325.2857142857142,1397.0,1461.0,1144.0,920.0,1440.0,1610.0,250,237.57142857142858,264.0,261.0,224.0,233.0,209.0,222.0,-64.0,-21.0,-18.0,-67.0,-71.0,31.0
546,562.2857142857143,605.0,721.0,356.0,385.0,671.0,652.0,90,94.42857142857143,122.0,102.0,109.0,89.0,73.0,76.0,-87.0,-49.0,-65.0,-81.0,-79.0,32.0
1857,1665.7142857142858,1949.0,1927.0,1136.0,1203.0,1762.0,1826.0,247,233.0,248.0,267.0,239.0,220.0,210.0,200.0,-69.0,-23.0,-3.0,-75.0,-73.0,34.0
562,472.0,630.0,730.0,323.0,345.0,345.0,369.0,43,33.0,36.0,32.0,28.0,23.0,33.0,36.0,-60.0,-3.0,-22.0,-67.0,-65.0,29.0
1285,1264.5714285714287,1304.0,1463.0,1514.0,822.0,1012.0,1452.0,147,153.28571428571428,152.0,161.0,154.0,158.0,150.0,151.0,-64.0,-16.0,-49.0,-60.0,-65.0,28.0
1369,1290.857142857143,1305.0,1397.0,1461.0,1144.0,920.0,1440.0,262,243.28571428571428,250.0,264.0,261.0,224.0,233.0,209.0,-69.0,-28.0,-45.0,-70.0,-74.0,33.0
558,548.8571428571429,546.0,605.0,721.0,356.0,385.0,671.0,95,97.14285714285714,90.0,122.0,102.0,109.0,89.0,73.0,-87.0,-51.0,-72.0,-81.0,-80.0,34.0
1560,1627.7142857142858,1857.0,1949.0,1927.0,1136.0,1203.0,1762.0,229,237.14285714285714,247.0,248.0,267.0,239.0,220.0,210.0,-72.0,-27.0,-38.0,-77.0,-74.0,36.0
298,461.85714285714283,562.0,630.0,730.0,323.0,345.0,345.0,34,32.714285714285715,43.0,36.0,32.0,28.0,23.0,33.0,-61.0,-7.0,-42.0,-69.0,-66.0,30.0
1227,1232.4285714285713,1285.0,1304.0,1463.0,1514.0,822.0,1012.0,159,154.42857142857142,147.0,152.0,161.0,154.0,158.0,150.0,-65.0,-16.0,-46.0,-60.0,-67.0,31.0
1145,1248.7142857142858,1369.0,1305.0,1397.0,1461.0,1144.0,920.0,241,247.85714285714286,262.0,250.0,264.0,261.0,224.0,233.0,-70.0,-27.0,-54.0,-70.0,-74.0,35.0
495,523.7142857142857,558.0,546.0,605.0,721.0,356.0,385.0,95,100.28571428571429,95.0,90.0,122.0,102.0,109.0,89.0,-88.0,-50.0,-77.0,-81.0,-79.0,35.0
1342,1567.7142857142858,1560.0,1857.0,1949.0,1927.0,1136.0,1203.0,223,239.0,229.0,247.0,248.0,267.0,239.0,220.0,-73.0,-25.0,-46.0,-77.0,-75.0,38.0
301,455.57142857142856,298.0,562.0,630.0,730.0,323.0,345.0,24,31.428571428571427,34.0,43.0,36.0,32.0,28.0,23.0,-63.0,-3.0,-51.0,-68.0,-67.0,32.0
998,1230.4285714285713,1227.0,1285.0,1304.0,1463.0,1514.0,822.0,173,157.71428571428572,159.0,147.0,152.0,161.0,154.0,158.0,-61.0,-12.0,-20.0,-48.0,-52.0,19.0
1131,1278.857142857143,1145.0,1369.0,1305.0,1397.0,1461.0,1144.0,219,245.85714285714286,241.0,262.0,250.0,264.0,261.0,224.0,-67.0,-19.0,-9.0,-61.0,-53.0,19.0
304,512.1428571428571,495.0,558.0,546.0,605.0,721.0,356.0,80,99.0,95.0,95.0,90.0,122.0,102.0,109.0,-86.0,-42.0,-61.0,-78.0,-55.0,19.0
987,1536.857142857143,1342.0,1560.0,1857.0,1949.0,1927.0,1136.0,225,239.71428571428572,223.0,229.0,247.0,248.0,267.0,239.0,-71.0,-22.0,11.0,-73.0,-62.0,23.0
311,450.7142857142857,301.0,298.0,562.0,630.0,730.0,323.0,33,32.857142857142854,24.0,34.0,43.0,36.0,32.0,28.0,-62.0,6.0,-9.0,-54.0,-48.0,19.0
763,1222.0,998.0,1227.0,1285.0,1304.0,1463.0,1514.0,147,156.14285714285714,173.0,159.0,147.0,152.0,161.0,154.0,-69.0,-33.0,-24.0,-51.0,-52.0,16.0
703,1215.857142857143,1131.0,1145.0,1369.0,1305.0,1397.0,1461.0,267,252.0,219.0,241.0,262.0,250.0,264.0,261.0,-74.0,-37.0,-11.0,-63.0,-54.0,18.0
252,497.2857142857143,304.0,495.0,558.0,546.0,605.0,721.0,88,96.0,80.0,95.0,95.0,90.0,122.0,102.0,-88.0,-51.0,-62.0,-78.0,-56.0,18.0
916,1505.4285714285713,987.0,1342.0,1560.0,1857.0,1949.0,1927.0,219,236.85714285714286,225.0,223.0,229.0,247.0,248.0,267.0,-77.0,-44.0,0.0,-77.0,-61.0,20.0
253,440.7142857142857,311.0,301.0,298.0,562.0,630.0,730.0,33,33.57142857142857,33.0,24.0,34.0,43.0,36.0,32.0,-74.0,-36.0,-2.0,-56.0,-50.0,17.0
693,1104.7142857142858,763.0,998.0,1227.0,1285.0,1304.0,1463.0,156,156.42857142857142,147.0,173.0,159.0,147.0,152.0,161.0,-72.0,-43.0,-64.0,-66.0,-64.0,29.0
1066,1159.4285714285713,703.0,1131.0,1145.0,1369.0,1305.0,1397.0,249,250.28571428571428,267.0,219.0,241.0,262.0,250.0,264.0,-72.0,-43.0,-58.0,-73.0,-72.0,33.0
393,450.42857142857144,252.0,304.0,495.0,558.0,546.0,605.0,88,94.0,88.0,80.0,95.0,95.0,90.0,122.0,-89.0,-63.0,-78.0,-83.0,-79.0,34.0
974,1369.2857142857142,916.0,987.0,1342.0,1560.0,1857.0,1949.0,242,233.28571428571428,219.0,225.0,223.0,229.0,247.0,248.0,-78.0,-48.0,-55.0,-80.0,-73.0,36.0
185,362.85714285714283,253.0,311.0,301.0,298.0,562.0,630.0,33,33.714285714285715,33.0,33.0,24.0,34.0,43.0,36.0,-70.0,-38.0,-57.0,-72.0,-65.0,31.0
1076,1049.4285714285713,693.0,763.0,998.0,1227.0,1285.0,1304.0,150,154.85714285714286,156.0,147.0,173.0,159.0,147.0,152.0,-57.0,-15.0,-36.0,-54.0,-61.0,25.0
1038,1108.142857142857,1066.0,703.0,1131.0,1145.0,1369.0,1305.0,200,241.14285714285714,249.0,267.0,219.0,241.0,262.0,250.0,-61.0,-17.0,-8.0,-65.0,-69.0,30.0
440,426.85714285714283,393.0,252.0,304.0,495.0,558.0,546.0,79,87.85714285714286,88.0,88.0,80.0,95.0,95.0,90.0,-85.0,-45.0,-60.0,-79.0,-77.0,31.0
1300,1276.5714285714287,974.0,916.0,987.0,1342.0,1560.0,1857.0,202,226.71428571428572,242.0,219.0,225.0,223.0,229.0,247.0,-64.0,-22.0,12.0,-73.0,-70.0,33.0
290,314.2857142857143,185.0,253.0,311.0,301.0,298.0,562.0,28,32.57142857142857,33.0,33.0,33.0,24.0,34.0,43.0,-58.0,-17.0,-11.0,-63.0,-63.0,27.0
1068,1015.7142857142857,1076.0,693.0,763.0,998.0,1227.0,1285.0,128,151.42857142857142,150.0,156.0,147.0,173.0,159.0,147.0,-56.0,-19.0,-38.0,-55.0,-62.0,26.0
882,1047.7142857142858,1038.0,1066.0,703.0,1131.0,1145.0,1369.0,164,228.85714285714286,200.0,249.0,267.0,219.0,241.0,262.0,-62.0,-22.0,-19.0,-67.0,-71.0,31.0
429,410.14285714285717,440.0,393.0,252.0,304.0,495.0,558.0,78,86.14285714285714,79.0,88.0,88.0,80.0,95.0,95.0,-85.0,-47.0,-64.0,-80.0,-77.0,32.0
1180,1179.857142857143,1300.0,974.0,916.0,987.0,1342.0,1560.0,177,216.71428571428572,202.0,242.0,219.0,225.0,223.0,229.0,-65.0,-25.0,1.0,-74.0,-71.0,34.0
317,279.2857142857143,290.0,185.0,253.0,311.0,301.0,298.0,31,30.857142857142858,28.0,33.0,33.0,33.0,24.0,34.0,-58.0,-19.0,-20.0,-65.0,-63.0,28.0
940,966.4285714285714,1068.0,1076.0,693.0,763.0,998.0,1227.0,121,147.71428571428572,128.0,150.0,156.0,147.0,173.0,159.0,-58.0,-15.0,-47.0,-56.0,-62.0,26.0
885,978.5714285714286,882.0,1038.0,1066.0,703.0,1131.0,1145.0,169,215.57142857142858,164.0,200.0,249.0,267.0,219.0,241.0,-63.0,-21.0,-30.0,-67.0,-70.0,30.0
355,381.14285714285717,429.0,440.0,393.0,252.0,304.0,495.0,69,82.42857142857143,78.0,79.0,88.0,88.0,80.0,95.0,-86.0,-46.0,-67.0,-80.0,-77.0,32.0
1139,1119.7142857142858,1180.0,1300.0,974.0,916.0,987.0,1342.0,179,209.57142857142858,177.0,202.0,242.0,219.0,225.0,223.0,-66.0,-25.0,-15.0,-75.0,-71.0,34.0
211,266.85714285714283,317.0,290.0,185.0,253.0,311.0,301.0,17,28.428571428571427,31.0,28.0,33.0,33.0,33.0,24.0,-59.0,-17.0,-35.0,-66.0,-63.0,28.0
916,922.0,940.0,1068.0,1076.0,693.0,763.0,998.0,111,140.85714285714286,121.0,128.0,150.0,156.0,147.0,173.0,-61.0,-18.0,-47.0,-55.0,-61.0,28.0
962,952.4285714285714,885.0,882.0,1038.0,1066.0,703.0,1131.0,157,203.57142857142858,169.0,164.0,200.0,249.0,267.0,219.0,-63.0,-19.0,-37.0,-64.0,-67.0,32.0
330,357.57142857142856,355.0,429.0,440.0,393.0,252.0,304.0,51,76.14285714285714,69.0,78.0,79.0,88.0,88.0,80.0,-87.0,-48.0,-73.0,-80.0,-76.0,33.0
1099,1085.0,1139.0,1180.0,1300.0,974.0,916.0,987.0,151,199.28571428571428,179.0,177.0,202.0,242.0,219.0,225.0,-68.0,-25.0,-26.0,-74.0,-69.0,36.0
279,263.7142857142857,211.0,317.0,290.0,185.0,253.0,311.0,19,27.714285714285715,17.0,31.0,28.0,33.0,33.0,33.0,-62.0,-20.0,-39.0,-64.0,-62.0,30.0
552,858.2857142857143,916.0,940.0,1068.0,1076.0,693.0,763.0,86,128.42857142857142,111.0,121.0,128.0,150.0,156.0,147.0,-64.0,-24.0,-48.0,-50.0,-49.0,19.0
575,873.0,962.0,885.0,882.0,1038.0,1066.0,703.0,152,194.0,157.0,169.0,164.0,200.0,249.0,267.0,-69.0,-26.0,-44.0,-62.0,-50.0,19.0
187,340.85714285714283,330.0,355.0,429.0,440.0,393.0,252.0,72,75.0,51.0,69.0,78.0,79.0,88.0,88.0,-88.0,-46.0,-74.0,-79.0,-54.0,20.0
705,1044.7142857142858,1099.0,1139.0,1180.0,1300.0,974.0,916.0,178,192.57142857142858,151.0,179.0,177.0,202.0,242.0,219.0,-72.0,-32.0,-37.0,-74.0,-59.0,24.0
153,241.14285714285714,279.0,211.0,317.0,290.0,185.0,253.0,25,26.571428571428573,19.0,17.0,31.0,28.0,33.0,33.0,-68.0,-23.0,-45.0,-57.0,-44.0,20.0
532,825.2857142857143,552.0,916.0,940.0,1068.0,1076.0,693.0,102,122.0,86.0,111.0,121.0,128.0,150.0,156.0,-62.0,-20.0,-14.0,-48.0,-47.0,15.0
635,863.2857142857143,575.0,962.0,885.0,882.0,1038.0,1066.0,141,176.0,152.0,157.0,169.0,164.0,200.0,249.0,-65.0,-26.0,12.0,-59.0,-47.0,16.0
176,330.0,187.0,330.0,355.0,429.0,440.0,393.0,67,72.0,72.0,51.0,69.0,78.0,79.0,88.0,-86.0,-44.0,-53.0,-76.0,-51.0,17.0
866,1037.5714285714287,705.0,1099.0,1139.0,1180.0,1300.0,974.0,157,183.71428571428572,178.0,151.0,179.0,177.0,202.0,242.0,-70.0,-33.0,40.0,-74.0,-56.0,19.0
134,224.14285714285714,153.0,279.0,211.0,317.0,290.0,185.0,27,25.714285714285715,25.0,19.0,17.0,31.0,28.0,33.0,-62.0,-25.0,26.0,-52.0,-41.0,15.0
981,866.4285714285714,532.0,552.0,916.0,940.0,1068.0,1076.0,101,114.14285714285714,102.0,86.0,111.0,121.0,128.0,150.0,-58.0,-21.0,-46.0,-54.0,-59.0,25.0
983,851.4285714285714,635.0,575.0,962.0,885.0,882.0,1038.0,126,158.42857142857142,141.0,152.0,157.0,169.0,164.0,200.0,-60.0,-23.0,-17.0,-64.0,-65.0,29.0
381,328.2857142857143,176.0,187.0,330.0,355.0,429.0,440.0,62,68.28571428571429,67.0,72.0,51.0,69.0,78.0,79.0,-85.0,-49.0,-65.0,-79.0,-76.0,31.0
1223,1073.142857142857,866.0,705.0,1099.0,1139.0,1180.0,1300.0,154,171.14285714285714,157.0,178.0,151.0,179.0,177.0,202.0,-66.0,-27.0,1.0,-74.0,-67.0,32.0
224,229.71428571428572,134.0,153.0,279.0,211.0,317.0,290.0,22,24.142857142857142,27.0,25.0,19.0,17.0,31.0,28.0,-59.0,-22.0,-26.0,-64.0,-61.0,27.0
641,804.2857142857143,981.0,532.0,552.0,916.0,940.0,1068.0,90,105.57142857142857,101.0,102.0,86.0,111.0,121.0,128.0,-63.0,-29.0,-57.0,-60.0,-61.0,27.0
896,831.1428571428571,983.0,635.0,575.0,962.0,885.0,882.0,123,147.42857142857142,126.0,141.0,152.0,157.0,169.0,164.0,-64.0,-28.0,-33.0,-67.0,-67.0,31.0
371,318.42857142857144,381.0,176.0,187.0,330.0,355.0,429.0,60,65.57142857142857,62.0,67.0,72.0,51.0,69.0,78.0,-87.0,-53.0,-69.0,-81.0,-77.0,32.0
937,1021.2857142857143,1223.0,866.0,705.0,1099.0,1139.0,1180.0,137,161.85714285714286,154.0,157.0,178.0,151.0,179.0,177.0,-69.0,-33.0,-25.0,-76.0,-69.0,33.0
216,219.14285714285714,224.0,134.0,153.0,279.0,211.0,317.0,16,22.428571428571427,22.0,27.0,25.0,19.0,17.0,31.0,-61.0,-26.0,-39.0,-67.0,-62.0,28.0
927,784.1428571428571,641.0,981.0,532.0,552.0,916.0,940.0,86,99.57142857142857,90.0,101.0,102.0,86.0,111.0,121.0,-57.0,-18.0,-45.0,-56.0,-60.0,25.0
854,827.1428571428571,896.0,983.0,635.0,575.0,962.0,885.0,130,142.57142857142858,123.0,126.0,141.0,152.0,157.0,169.0,-59.0,-18.0,-16.0,-65.0,-66.0,29.0
382,311.7142857142857,371.0,381.0,176.0,187.0,330.0,355.0,55,62.285714285714285,60.0,62.0,67.0,72.0,51.0,69.0,-85.0,-46.0,-63.0,-80.0,-76.0,31.0
1109,1011.1428571428571,937.0,1223.0,866.0,705.0,1099.0,1139.0,110,152.28571428571428,137.0,154.0,157.0,178.0,151.0,179.0,-64.0,-22.0,1.0,-73.0,-68.0,32.0
173,198.57142857142858,216.0,224.0,134.0,153.0,279.0,211.0,18,20.571428571428573,16.0,22.0,27.0,25.0,19.0,17.0,-58.0,-19.0,-23.0,-64.0,-61.0,28.0
735,754.8571428571429,927.0,641.0,981.0,532.0,552.0,916.0,74,92.85714285714286,86.0,90.0,101.0,102.0,86.0,111.0,-57.0,-16.0,-48.0,-56.0,-60.0,26.0
786,813.0,854.0,896.0,983.0,635.0,575.0,962.0,131,137.14285714285714,130.0,123.0,126.0,141.0,152.0,157.0,-60.0,-19.0,-27.0,-65.0,-66.0,30.0
400,318.14285714285717,382.0,371.0,381.0,176.0,187.0,330.0,57,60.57142857142857,55.0,60.0,62.0,67.0,72.0,51.0,-86.0,-47.0,-68.0,-80.0,-77.0,32.0
793,961.7142857142857,1109.0,937.0,1223.0,866.0,705.0,1099.0,136,146.14285714285714,110.0,137.0,154.0,157.0,178.0,151.0,-65.0,-24.0,-13.0,-74.0,-68.0,33.0
127,186.57142857142858,173.0,216.0,224.0,134.0,153.0,279.0,17,20.571428571428573,18.0,16.0,22.0,27.0,25.0,19.0,-59.0,-19.0,-33.0,-65.0,-61.0,28.0
579,706.7142857142857,735.0,927.0,641.0,981.0,532.0,552.0,77,88.0,74.0,86.0,90.0,101.0,102.0,86.0,-63.0,-25.0,-56.0,-59.0,-60.0,29.0
630,765.5714285714286,786.0,854.0,896.0,983.0,635.0,575.0,113,130.85714285714286,131.0,130.0,123.0,126.0,141.0,152.0,-66.0,-27.0,-52.0,-66.0,-66.0,32.0
408,329.2857142857143,400.0,382.0,371.0,381.0,176.0,187.0,56,61.285714285714285,57.0,55.0,60.0,62.0,67.0,72.0,-87.0,-52.0,-78.0,-81.0,-76.0,34.0
775,915.4285714285714,793.0,1109.0,937.0,1223.0,866.0,705.0,117,141.28571428571428,136.0,110.0,137.0,154.0,157.0,178.0,-70.0,-31.0,-46.0,-75.0,-68.0,36.0
143,167.14285714285714,127.0,173.0,216.0,224.0,134.0,153.0,17,20.285714285714285,17.0,18.0,16.0,22.0,27.0,25.0,-65.0,-26.0,-57.0,-68.0,-61.0,31.0
418,687.5714285714286,579.0,735.0,927.0,641.0,981.0,532.0,63,84.71428571428571,77.0,74.0,86.0,90.0,101.0,102.0,-55.0,-13.0,-3.0,-40.0,-44.0,16.0
404,741.1428571428571,630.0,786.0,854.0,896.0,983.0,635.0,100,123.42857142857143,113.0,131.0,130.0,123.0,126.0,141.0,-60.0,-14.0,44.0,-54.0,-45.0,16.0
145,323.2857142857143,408.0,400.0,382.0,371.0,381.0,176.0,46,57.57142857142857,56.0,57.0,55.0,60.0,62.0,67.0,-84.0,-36.0,-42.0,-75.0,-49.0,17.0
540,891.8571428571429,775.0,793.0,1109.0,937.0,1223.0,866.0,105,130.85714285714286,117.0,136.0,110.0,137.0,154.0,157.0,-64.0,-20.0,93.0,-68.0,-54.0,20.0
88,157.85714285714286,143.0,127.0,173.0,216.0,224.0,134.0,11,18.285714285714285,17.0,17.0,18.0,16.0,22.0,27.0,-59.0,-13.0,38.0,-46.0,-40.0,16.0
196,639.5714285714286,418.0,579.0,735.0,927.0,641.0,981.0,65,79.42857142857143,63.0,77.0,74.0,86.0,90.0,101.0,-68.0,-32.0,-54.0,-56.0,-48.0,16.0
332,697.8571428571429,404.0,630.0,786.0,854.0,896.0,983.0,82,115.0,100.0,113.0,131.0,130.0,123.0,126.0,-71.0,-38.0,-61.0,-64.0,-49.0,17.0
98,312.14285714285717,145.0,408.0,400.0,382.0,371.0,381.0,47,54.714285714285715,46.0,56.0,57.0,55.0,60.0,62.0,-89.0,-54.0,-80.0,-79.0,-55.0,19.0
331,815.4285714285714,540.0,775.0,793.0,1109.0,937.0,1223.0,96,122.14285714285714,105.0,117.0,136.0,110.0,137.0,154.0,-75.0,-43.0,-52.0,-77.0,-56.0,20.0
46,145.28571428571428,88.0,143.0,127.0,173.0,216.0,224.0,10,15.857142857142858,11.0,17.0,17.0,18.0,16.0,22.0,-68.0,-33.0,-58.0,-59.0,-42.0,16.0
551,578.1428571428571,196.0,418.0,579.0,735.0,927.0,641.0,65,74.28571428571429,65.0,63.0,77.0,74.0,86.0,90.0,-57.0,-22.0,-53.0,-55.0,-57.0,25.0
607,644.1428571428571,332.0,404.0,630.0,786.0,854.0,896.0,104,111.85714285714286,82.0,100.0,113.0,131.0,130.0,123.0,-60.0,-24.0,-37.0,-64.0,-64.0,29.0
302,300.85714285714283,98.0,145.0,408.0,400.0,382.0,371.0,35,50.857142857142854,47.0,46.0,56.0,57.0,55.0,60.0,-84.0,-49.0,-69.0,-79.0,-75.0,31.0
723,744.0,331.0,540.0,775.0,793.0,1109.0,937.0,106,115.28571428571429,96.0,105.0,117.0,136.0,110.0,137.0,-65.0,-28.0,-23.0,-74.0,-65.0,31.0
107,128.57142857142858,46.0,88.0,143.0,127.0,173.0,216.0,12,14.428571428571429,10.0,11.0,17.0,17.0,18.0,16.0,-58.0,-23.0,-41.0,-64.0,-59.0,27.0
668,582.0,551.0,196.0,418.0,579.0,735.0,927.0,67,71.0,65.0,65.0,63.0,77.0,74.0,86.0,-51.0,-10.0,-24.0,-51.0,-57.0,19.0
709,617.4285714285714,607.0,332.0,404.0,630.0,786.0,854.0,69,104.14285714285714,104.0,82.0,100.0,113.0,131.0,130.0,-54.0,-13.0,40.0,-60.0,-64.0,22.0
323,294.0,302.0,98.0,145.0,408.0,400.0,382.0,40,48.0,35.0,47.0,46.0,56.0,57.0,55.0,-83.0,-41.0,-42.0,-78.0,-75.0,23.0
896,738.1428571428571,723.0,331.0,540.0,775.0,793.0,1109.0,81,107.28571428571429,106.0,96.0,105.0,117.0,136.0,110.0,-59.0,-17.0,75.0,-70.0,-65.0,25.0
130,116.28571428571429,107.0,46.0,88.0,143.0,127.0,173.0,10,13.571428571428571,12.0,10.0,11.0,17.0,17.0,18.0,-52.0,-14.0,31.0,-59.0,-59.0,19.0
557,529.1428571428571,668.0,551.0,196.0,418.0,579.0,735.0,47,65.42857142857143,67.0,65.0,65.0,63.0,77.0,74.0,-56.0,-20.0,-46.0,-55.0,-58.0,25.0
683,593.0,709.0,607.0,332.0,404.0,630.0,786.0,84,97.57142857142857,69.0,104.0,82.0,100.0,113.0,131.0,-58.0,-22.0,-33.0,-64.0,-64.0,29.0
285,280.14285714285717,323.0,302.0,98.0,145.0,408.0,400.0,37,45.42857142857143,40.0,35.0,47.0,46.0,56.0,57.0,-85.0,-47.0,-65.0,-79.0,-76.0,31.0
691,678.4285714285714,896.0,723.0,331.0,540.0,775.0,793.0,90,104.42857142857143,81.0,106.0,96.0,105.0,117.0,136.0,-64.0,-26.0,-17.0,-73.0,-66.0,31.0
123,109.14285714285714,130.0,107.0,46.0,88.0,143.0,127.0,16,13.285714285714286,10.0,12.0,10.0,11.0,17.0,17.0,-57.0,-22.0,-36.0,-65.0,-59.0,27.0
482,493.0,557.0,668.0,551.0,196.0,418.0,579.0,51,62.142857142857146,47.0,67.0,65.0,65.0,63.0,77.0,-58.0,-21.0,-54.0,-57.0,-59.0,26.0
600,566.4285714285714,683.0,709.0,607.0,332.0,404.0,630.0,77,89.85714285714286,84.0,69.0,104.0,82.0,100.0,113.0,-59.0,-23.0,-47.0,-65.0,-65.0,30.0
217,254.0,285.0,323.0,302.0,98.0,145.0,408.0,38,42.714285714285715,37.0,40.0,35.0,47.0,46.0,56.0,-85.0,-49.0,-71.0,-80.0,-77.0,32.0
592,649.7142857142857,691.0,896.0,723.0,331.0,540.0,775.0,75,95.71428571428571,90.0,81.0,106.0,96.0,105.0,117.0,-64.0,-28.0,-37.0,-74.0,-67.0,33.0
130,109.57142857142857,123.0,130.0,107.0,46.0,88.0,143.0,12,12.571428571428571,16.0,10.0,12.0,10.0,11.0,17.0,-58.0,-21.0,-42.0,-67.0,-60.0,28.0
450,474.57142857142856,482.0,557.0,668.0,551.0,196.0,418.0,52,58.57142857142857,51.0,47.0,67.0,65.0,65.0,63.0,-53.0,-12.0,-38.0,-51.0,-56.0,26.0
497,547.4285714285714,600.0,683.0,709.0,607.0,332.0,404.0,71,83.85714285714286,77.0,84.0,69.0,104.0,82.0,100.0,-57.0,-16.0,-19.0,-60.0,-63.0,29.0
240,230.0,217.0,285.0,323.0,302.0,98.0,145.0,30,39.0,38.0,37.0,40.0,35.0,47.0,46.0,-84.0,-43.0,-66.0,-78.0,-74.0,31.0
621,627.7142857142857,592.0,691.0,896.0,723.0,331.0,540.0,89,91.71428571428571,75.0,90.0,81.0,106.0,96.0,105.0,-61.0,-19.0,-3.0,-70.0,-65.0,33.0
78,100.28571428571429,130.0,123.0,130.0,107.0,46.0,88.0,14,12.142857142857142,12.0,16.0,10.0,12.0,10.0,11.0,-56.0,-15.0,-19.0,-62.0,-58.0,28.0
263,452.42857142857144,450.0,482.0,557.0,668.0,551.0,196.0,56,57.57142857142857,52.0,51.0,47.0,67.0,65.0,65.0,-47.0,-5.0,25.0,-34.0,-40.0,14.0
263,527.2857142857143,497.0,600.0,683.0,709.0,607.0,332.0,59,78.0,71.0,77.0,84.0,69.0,104.0,82.0,-53.0,-11.0,83.0,-49.0,-41.0,14.0
138,229.0,240.0,217.0,285.0,323.0,302.0,98.0,27,36.285714285714285,30.0,38.0,37.0,40.0,35.0,47.0,-81.0,-31.0,-28.0,-73.0,-45.0,15.0
333,598.1428571428571,621.0,592.0,691.0,896.0,723.0,331.0,69,86.57142857142857,89.0,75.0,90.0,81.0,106.0,96.0,-58.0,-13.0,146.0,-64.0,-50.0,18.0
61,96.42857142857143,78.0,130.0,123.0,130.0,107.0,46.0,13,12.428571428571429,14.0,12.0,16.0,10.0,12.0,10.0,-53.0,-10.0,72.0,-43.0,-36.0,14.0
153,446.2857142857143,263.0,450.0,482.0,557.0,668.0,551.0,33,53.0,56.0,52.0,51.0,47.0,67.0,65.0,-53.0,-12.0,28.0,-40.0,-40.0,12.0
245,514.8571428571429,263.0,497.0,600.0,683.0,709.0,607.0,57,74.42857142857143,59.0,71.0,77.0,84.0,69.0,104.0,-57.0,-22.0,57.0,-53.0,-42.0,13.0
103,229.71428571428572,138.0,240.0,217.0,285.0,323.0,302.0,38,35.0,27.0,30.0,38.0,37.0,40.0,35.0,-82.0,-38.0,-36.0,-74.0,-47.0,14.0
251,586.7142857142857,333.0,621.0,592.0,691.0,896.0,723.0,66,82.28571428571429,69.0,89.0,75.0,90.0,81.0,106.0,-61.0,-25.0,119.0,-69.0,-49.0,15.0
35,94.85714285714286,61.0,78.0,130.0,123.0,130.0,107.0,16,13.285714285714286,13.0,14.0,12.0,16.0,10.0,12.0,-54.0,-20.0,70.0,-46.0,-35.0,12.0
349,417.42857142857144,153.0,263.0,450.0,482.0,557.0,668.0,41,49.57142857142857,33.0,56.0,52.0,51.0,47.0,67.0,-47.0,-12.0,-28.0,-48.0,-54.0,22.0
461,494.0,245.0,263.0,497.0,600.0,683.0,709.0,53,67.14285714285714,57.0,59.0,71.0,77.0,84.0,69.0,-51.0,-18.0,2.0,-60.0,-61.0,26.0
214,217.14285714285714,103.0,138.0,240.0,217.0,285.0,323.0,30,34.285714285714285,38.0,27.0,30.0,38.0,37.0,40.0,-81.0,-43.0,-57.0,-77.0,-74.0,29.0
437,545.8571428571429,251.0,333.0,621.0,592.0,691.0,896.0,59,75.57142857142857,66.0,69.0,89.0,75.0,90.0,81.0,-57.0,-20.0,29.0,-70.0,-62.0,29.0
88,92.14285714285714,35.0,61.0,78.0,130.0,123.0,130.0,12,13.285714285714286,16.0,13.0,14.0,12.0,16.0,10.0,-49.0,-16.0,-4.0,-60.0,-56.0,24.0
294,364.0,349.0,153.0,263.0,450.0,482.0,557.0,28,44.0,41.0,33.0,56.0,52.0,51.0,47.0,-47.0,-5.0,-27.0,-49.0,-54.0,22.0
432,454.42857142857144,461.0,245.0,263.0,497.0,600.0,683.0,57,65.42857142857143,53.0,57.0,59.0,71.0,77.0,84.0,-50.0,-10.0,14.0,-59.0,-62.0,26.0
242,205.57142857142858,214.0,103.0,138.0,240.0,217.0,285.0,20,31.428571428571427,30.0,38.0,27.0,30.0,38.0,37.0,-81.0,-39.0,-51.0,-77.0,-74.0,29.0
462,483.85714285714283,437.0,251.0,333.0,621.0,592.0,691.0,52,71.42857142857143,59.0,66.0,69.0,89.0,75.0,90.0,-55.0,-13.0,43.0,-68.0,-63.0,28.0
82,85.28571428571429,88.0,35.0,61.0,78.0,130.0,123.0,12,13.571428571428571,12.0,16.0,13.0,14.0,12.0,16.0,-48.0,-12.0,6.0,-59.0,-57.0,24.0
279,324.2857142857143,294.0,349.0,153.0,263.0,450.0,482.0,38,42.714285714285715,28.0,41.0,33.0,56.0,52.0,51.0,-54.0,-17.0,-47.0,-53.0,-56.0,23.0
450,421.14285714285717,432.0,461.0,245.0,263.0,497.0,600.0,53,61.0,57.0,53.0,57.0,59.0,71.0,77.0,-57.0,-20.0,-40.0,-63.0,-62.0,28.0
165,188.42857142857142,242.0,214.0,103.0,138.0,240.0,217.0,20,29.0,20.0,30.0,38.0,27.0,30.0,38.0,-84.0,-47.0,-68.0,-78.0,-75.0,31.0
443,448.42857142857144,462.0,437.0,251.0,333.0,621.0,592.0,63,67.57142857142857,52.0,59.0,66.0,69.0,89.0,75.0,-61.0,-23.0,-28.0,-71.0,-63.0,30.0
60,76.28571428571429,82.0,88.0,35.0,61.0,78.0,130.0,8,12.428571428571429,12.0,12.0,16.0,13.0,14.0,12.0,-56.0,-20.0,-46.0,-65.0,-57.0,26.0
298,298.0,279.0,294.0,349.0,153.0,263.0,450.0,32,40.0,38.0,28.0,41.0,33.0,56.0,52.0,-47.0,-1.0,-19.0,-49.0,-54.0,22.0
403,393.0,450.0,432.0,461.0,245.0,263.0,497.0,54,57.714285714285715,53.0,57.0,53.0,57.0,59.0,71.0,-49.0,-6.0,38.0,-59.0,-61.0,26.0
119,174.42857142857142,165.0,242.0,214.0,103.0,138.0,240.0,25,27.142857142857142,20.0,20.0,30.0,38.0,27.0,30.0,-81.0,-36.0,-45.0,-76.0,-74.0,29.0
358,415.0,443.0,462.0,437.0,251.0,333.0,621.0,42,62.857142857142854,63.0,52.0,59.0,66.0,69.0,89.0,-54.0,-8.0,71.0,-68.0,-63.0,29.0
60,66.28571428571429,60.0,82.0,88.0,35.0,61.0,78.0,6,11.571428571428571,8.0,12.0,12.0,16.0,13.0,14.0,-50.0,-10.0,23.0,-58.0,-56.0,24.0
250,269.42857142857144,298.0,279.0,294.0,349.0,153.0,263.0,29,36.714285714285715,32.0,38.0,28.0,41.0,33.0,56.0,-56.0,-14.0,-47.0,-53.0,-55.0,25.0
344,371.14285714285717,403.0,450.0,432.0,461.0,245.0,263.0,48,54.42857142857143,54.0,53.0,57.0,53.0,57.0,59.0,-58.0,-16.0,-41.0,-61.0,-61.0,28.0
99,154.28571428571428,119.0,165.0,242.0,214.0,103.0,138.0,18,25.428571428571427,25.0,20.0,20.0,30.0,38.0,27.0,-84.0,-45.0,-74.0,-78.0,-73.0,32.0
344,375.42857142857144,358.0,443.0,462.0,437.0,251.0,333.0,55,58.0,42.0,63.0,52.0,59.0,66.0,69.0,-61.0,-17.0,-30.0,-70.0,-62.0,31.0
42,61.142857142857146,60.0,60.0,82.0,88.0,35.0,61.0,5,10.285714285714286,6.0,8.0,12.0,12.0,16.0,13.0,-57.0,-14.0,-40.0,-62.0,-56.0,27.0
175,256.85714285714283,250.0,298.0,279.0,294.0,349.0,153.0,21,31.714285714285715,29.0,32.0,38.0,28.0,41.0,33.0,-51.0,-7.0,-32.0,-40.0,-39.0,15.0
119,350.57142857142856,344.0,403.0,450.0,432.0,461.0,245.0,35,51.0,48.0,54.0,53.0,57.0,53.0,57.0,-57.0,-12.0,-22.0,-55.0,-41.0,16.0
75,145.28571428571428,99.0,119.0,165.0,242.0,214.0,103.0,18,24.142857142857142,18.0,25.0,20.0,20.0,30.0,38.0,-83.0,-33.0,-63.0,-75.0,-48.0,17.0
256,364.42857142857144,344.0,358.0,443.0,462.0,437.0,251.0,33,52.857142857142854,55.0,42.0,63.0,52.0,59.0,66.0,-60.0,-12.0,-3.0,-65.0,-48.0,19.0
32,57.0,42.0,60.0,60.0,82.0,88.0,35.0,3,8.857142857142858,5.0,6.0,8.0,12.0,12.0,16.0,-55.0,-5.0,-20.0,-51.0,-35.0,16.0
75,245.71428571428572,175.0,250.0,298.0,279.0,294.0,349.0,16,29.285714285714285,21.0,29.0,32.0,38.0,28.0,41.0,-50.0,-10.0,4.0,-36.0,-36.0,11.0
188,342.42857142857144,119.0,344.0,403.0,450.0,432.0,461.0,31,47.285714285714285,35.0,48.0,54.0,53.0,57.0,53.0,-54.0,-18.0,30.0,-50.0,-39.0,12.0
95,144.14285714285714,75.0,99.0,119.0,165.0,242.0,214.0,21,21.714285714285715,18.0,18.0,25.0,20.0,20.0,30.0,-81.0,-36.0,-45.0,-73.0,-46.0,14.0
85,340.7142857142857,256.0,344.0,358.0,443.0,462.0,437.0,38,48.857142857142854,33.0,55.0,42.0,63.0,52.0,59.0,-57.0,-19.0,72.0,-66.0,-45.0,14.0
14,54.0,32.0,42.0,60.0,60.0,82.0,88.0,8,7.714285714285714,3.0,5.0,6.0,8.0,12.0,12.0,-50.0,-14.0,36.0,-44.0,-31.0,11.0
226,228.14285714285714,75.0,175.0,250.0,298.0,279.0,294.0,31,27.857142857142858,16.0,21.0,29.0,32.0,38.0,28.0,-54.0,-21.0,-47.0,-52.0,-52.0,22.0
410,335.14285714285717,188.0,119.0,344.0,403.0,450.0,432.0,40,45.42857142857143,31.0,35.0,48.0,54.0,53.0,57.0,-55.0,-23.0,-24.0,-61.0,-60.0,27.0
192,141.0,95.0,75.0,99.0,119.0,165.0,242.0,17,19.857142857142858,21.0,18.0,18.0,25.0,20.0,20.0,-82.0,-49.0,-65.0,-77.0,-73.0,29.0
376,332.0,85.0,256.0,344.0,358.0,443.0,462.0,28,44.42857142857143,38.0,33.0,55.0,42.0,63.0,52.0,-60.0,-25.0,-7.0,-71.0,-60.0,29.0
27,45.285714285714285,14.0,32.0,42.0,60.0,60.0,82.0,4,6.571428571428571,8.0,3.0,5.0,6.0,8.0,12.0,-54.0,-23.0,-23.0,-63.0,-55.0,24.0
355,236.85714285714286,226.0,75.0,175.0,250.0,298.0,279.0,23,27.142857142857142,31.0,16.0,21.0,29.0,32.0,38.0,-48.0,-5.0,-28.0,-48.0,-52.0,21.0
400,330.57142857142856,410.0,188.0,119.0,344.0,403.0,450.0,39,42.857142857142854,40.0,31.0,35.0,48.0,54.0,53.0,-50.0,-11.0,14.0,-58.0,-60.0,25.0
163,129.71428571428572,192.0,95.0,75.0,99.0,119.0,165.0,17,19.428571428571427,17.0,21.0,18.0,18.0,25.0,20.0,-81.0,-38.0,-49.0,-76.0,-73.0,28.0
314,310.85714285714283,376.0,85.0,256.0,344.0,358.0,443.0,23,40.285714285714285,28.0,38.0,33.0,55.0,42.0,63.0,-55.0,-12.0,47.0,-67.0,-60.0,28.0
53,41.142857142857146,27.0,14.0,32.0,42.0,60.0,60.0,6,5.714285714285714,4.0,8.0,3.0,5.0,6.0,8.0,-50.0,-15.0,-3.0,-59.0,-54.0,23.0
461,262.85714285714283,355.0,226.0,75.0,175.0,250.0,298.0,18,24.285714285714285,23.0,31.0,16.0,21.0,29.0,32.0,-45.0,-9.0,-18.0,-47.0,-52.0,21.0
362,318.0,400.0,410.0,188.0,119.0,344.0,403.0,26,39.0,39.0,40.0,31.0,35.0,48.0,54.0,-48.0,-10.0,24.0,-58.0,-59.0,26.0
156,128.42857142857142,163.0,192.0,95.0,75.0,99.0,119.0,10,18.0,17.0,17.0,21.0,18.0,18.0,25.0,-81.0,-39.0,-46.0,-75.0,-73.0,28.0
307,291.42857142857144,314.0,376.0,85.0,256.0,344.0,358.0,32,35.857142857142854,23.0,28.0,38.0,33.0,55.0,42.0,-53.0,-12.0,59.0,-67.0,-60.0,28.0
47,39.285714285714285,53.0,27.0,14.0,32.0,42.0,60.0,6,5.428571428571429,6.0,4.0,8.0,3.0,5.0,6.0,-47.0,-12.0,14.0,-60.0,-54.0,24.0
256,256.85714285714283,461.0,355.0,226.0,75.0,175.0,250.0,12,21.428571428571427,18.0,23.0,31.0,16.0,21.0,29.0,-44.0,-5.0,-16.0,-47.0,-52.0,20.0
332,307.85714285714283,362.0,400.0,410.0,188.0,119.0,344.0,18,33.857142857142854,26.0,39.0,40.0,31.0,35.0,48.0,-47.0,-10.0,32.0,-58.0,-60.0,23.0
149,132.71428571428572,156.0,163.0,192.0,95.0,75.0,99.0,22,17.571428571428573,10.0,17.0,17.0,21.0,18.0,18.0,-80.0,-39.0,-45.0,-76.0,-73.0,29.0
332,287.7142857142857,307.0,314.0,376.0,85.0,256.0,344.0,26,33.57142857142857,32.0,23.0,28.0,38.0,33.0,55.0,-52.0,-10.0,64.0,-67.0,-60.0,26.0
42,36.714285714285715,47.0,53.0,27.0,14.0,32.0,42.0,8,5.714285714285714,6.0,6.0,4.0,8.0,3.0,5.0,-47.0,-10.0,9.0,-59.0,-54.0,21.0
181,247.0,256.0,461.0,355.0,226.0,75.0,175.0,16,19.571428571428573,12.0,18.0,23.0,31.0,16.0,21.0,-45.0,-8.0,-1.0,-45.0,-51.0,22.0
259,295.7142857142857,332.0,362.0,400.0,410.0,188.0,119.0,32,31.571428571428573,18.0,26.0,39.0,40.0,31.0,35.0,-49.0,-11.0,50.0,-55.0,-58.0,25.0
135,137.85714285714286,149.0,156.0,163.0,192.0,95.0,75.0,16,17.285714285714285,22.0,10.0,17.0,17.0,21.0,18.0,-80.0,-39.0,-46.0,-74.0,-71.0,28.0
265,276.42857142857144,332.0,307.0,314.0,376.0,85.0,256.0,28,29.714285714285715,26.0,32.0,23.0,28.0,38.0,33.0,-52.0,-10.0,86.0,-65.0,-59.0,28.0
33,35.42857142857143,42.0,47.0,53.0,27.0,14.0,32.0,6,5.857142857142857,8.0,6.0,6.0,4.0,8.0,3.0,-48.0,-9.0,27.0,-56.0,-53.0,24.0
108,237.42857142857142,181.0,256.0,461.0,355.0,226.0,75.0,27,20.428571428571427,16.0,12.0,18.0,23.0,31.0,16.0,-43.0,-9.0,33.0,-31.0,-35.0,12.0
165,302.2857142857143,259.0,332.0,362.0,400.0,410.0,188.0,33,31.285714285714285,32.0,18.0,26.0,39.0,40.0,31.0,-50.0,-12.0,88.0,-47.0,-37.0,13.0
51,134.42857142857142,135.0,149.0,156.0,163.0,192.0,95.0,12,16.428571428571427,16.0,22.0,10.0,17.0,17.0,21.0,-79.0,-32.0,-26.0,-71.0,-43.0,13.0
136,259.2857142857143,265.0,332.0,307.0,314.0,376.0,85.0,26,28.714285714285715,28.0,26.0,32.0,23.0,28.0,38.0,-53.0,-10.0,154.0,-61.0,-45.0,16.0
25,34.42857142857143,33.0,42.0,47.0,53.0,27.0,14.0,2,5.714285714285714,6.0,8.0,6.0,6.0,4.0,8.0,-50.0,-12.0,58.0,-42.0,-31.0,12.0
56,234.71428571428572,108.0,181.0,256.0,461.0,355.0,226.0,21,21.142857142857142,27.0,16.0,12.0,18.0,23.0,31.0,-49.0,-12.0,26.0,-38.0,-35.0,11.0
138,295.14285714285717,165.0,259.0,332.0,362.0,400.0,410.0,24,30.285714285714285,33.0,32.0,18.0,26.0,39.0,40.0,-52.0,-20.0,48.0,-51.0,-36.0,12.0
50,128.0,51.0,135.0,149.0,156.0,163.0,192.0,12,15.142857142857142,12.0,16.0,22.0,10.0,17.0,17.0,-80.0,-37.0,-37.0,-72.0,-44.0,13.0
106,262.2857142857143,136.0,265.0,332.0,307.0,314.0,376.0,30,27.571428571428573,26.0,28.0,26.0,32.0,23.0,28.0,-56.0,-20.0,114.0,-66.0,-42.0,14.0
10,33.857142857142854,25.0,33.0,42.0,47.0,53.0,27.0,2,4.857142857142857,2.0,6.0,8.0,6.0,6.0,4.0,-50.0,-19.0,48.0,-45.0,-28.0,11.0
187,229.14285714285714,56.0,108.0,181.0,256.0,461.0,355.0,11,18.285714285714285,21.0,27.0,16.0,12.0,18.0,23.0,-44.0,-13.0,-25.0,-46.0,-49.0,20.0
266,274.57142857142856,138.0,165.0,259.0,332.0,362.0,400.0,20,27.428571428571427,24.0,33.0,32.0,18.0,26.0,39.0,-46.0,-16.0,14.0,-57.0,-57.0,24.0
128,118.85714285714286,50.0,51.0,135.0,149.0,156.0,163.0,9,14.0,12.0,12.0,16.0,22.0,10.0,17.0,-79.0,-42.0,-52.0,-75.0,-71.0,28.0
275,247.85714285714286,106.0,136.0,265.0,332.0,307.0,314.0,25,27.142857142857142,30.0,26.0,28.0,26.0,32.0,23.0,-51.0,-14.0,52.0,-66.0,-57.0,26.0
38,35.42857142857143,10.0,25.0,33.0,42.0,47.0,53.0,2,4.571428571428571,2.0,2.0,6.0,8.0,6.0,6.0,-45.0,-16.0,-2.0,-58.0,-52.0,22.0
182,204.42857142857142,187.0,56.0,108.0,181.0,256.0,461.0,14,17.0,11.0,21.0,27.0,16.0,12.0,18.0,-42.0,-6.0,-21.0,-45.0,-50.0,20.0
326,264.0,266.0,138.0,165.0,259.0,332.0,362.0,21,24.857142857142858,20.0,24.0,33.0,32.0,18.0,26.0,-45.0,-10.0,15.0,-56.0,-58.0,25.0
165,119.14285714285714,128.0,50.0,51.0,135.0,149.0,156.0,10,13.0,9.0,12.0,12.0,16.0,22.0,10.0,-79.0,-38.0,-46.0,-74.0,-72.0,28.0
287,244.0,275.0,106.0,136.0,265.0,332.0,307.0,14,25.857142857142858,25.0,30.0,26.0,28.0,26.0,32.0,-49.0,-9.0,52.0,-65.0,-58.0,26.0
42,33.857142857142854,38.0,10.0,25.0,33.0,42.0,47.0,5,4.428571428571429,2.0,2.0,2.0,6.0,8.0,6.0,-44.0,-12.0,-5.0,-57.0,-52.0,22.0
278,178.28571428571428,182.0,187.0,56.0,108.0,181.0,256.0,15,16.571428571428573,14.0,11.0,21.0,27.0,16.0,12.0,-41.0,-9.0,-14.0,-46.0,-51.0,20.0
323,258.42857142857144,326.0,266.0,138.0,165.0,259.0,332.0,22,24.285714285714285,21.0,20.0,24.0,33.0,32.0,18.0,-44.0,-9.0,22.0,-56.0,-58.0,24.0
164,120.28571428571429,165.0,128.0,50.0,51.0,135.0,149.0,13,13.428571428571429,10.0,9.0,12.0,12.0,16.0,22.0,-79.0,-38.0,-43.0,-74.0,-71.0,27.0
256,236.71428571428572,287.0,275.0,106.0,136.0,265.0,332.0,27,25.142857142857142,14.0,25.0,30.0,26.0,28.0,26.0,-48.0,-8.0,69.0,-65.0,-58.0,26.0
56,35.142857142857146,42.0,38.0,10.0,25.0,33.0,42.0,7,4.571428571428571,5.0,2.0,2.0,2.0,6.0,8.0,-44.0,-8.0,0.0,-58.0,-52.0,22.0
199,170.14285714285714,278.0,182.0,187.0,56.0,108.0,181.0,14,16.857142857142858,15.0,14.0,11.0,21.0,27.0,16.0,-39.0,-4.0,-7.0,-44.0,-51.0,20.0
336,259.0,323.0,326.0,266.0,138.0,165.0,259.0,19,24.428571428571427,22.0,21.0,20.0,24.0,33.0,32.0,-42.0,-6.0,39.0,-55.0,-58.0,24.0
145,119.71428571428571,164.0,165.0,128.0,50.0,51.0,135.0,6,11.142857142857142,13.0,10.0,9.0,12.0,12.0,16.0,-78.0,-35.0,-40.0,-74.0,-71.0,27.0
311,233.71428571428572,256.0,287.0,275.0,106.0,136.0,265.0,9,22.714285714285715,27.0,14.0,25.0,30.0,26.0,28.0,-47.0,-5.0,88.0,-65.0,-58.0,26.0
78,40.285714285714285,56.0,42.0,38.0,10.0,25.0,33.0,3,3.857142857142857,7.0,5.0,2.0,2.0,2.0,6.0,-42.0,-7.0,16.0,-56.0,-53.0,22.0
264,182.0,199.0,278.0,182.0,187.0,56.0,108.0,15,16.714285714285715,14.0,15.0,14.0,11.0,21.0,27.0,-43.0,-7.0,-11.0,-44.0,-49.0,21.0
350,272.0,336.0,323.0,326.0,266.0,138.0,165.0,23,23.142857142857142,19.0,22.0,21.0,20.0,24.0,33.0,-47.0,-10.0,18.0,-54.0,-56.0,24.0
153,122.28571428571429,145.0,164.0,165.0,128.0,50.0,51.0,6,9.714285714285714,6.0,13.0,10.0,9.0,12.0,12.0,-79.0,-38.0,-51.0,-73.0,-69.0,27.0
237,229.71428571428572,311.0,256.0,287.0,275.0,106.0,136.0,29,22.857142857142858,9.0,27.0,14.0,25.0,30.0,26.0,-50.0,-7.0,57.0,-64.0,-56.0,27.0
32,40.142857142857146,78.0,56.0,42.0,38.0,10.0,25.0,6,3.857142857142857,3.0,7.0,5.0,2.0,2.0,2.0,-47.0,-9.0,-5.0,-56.0,-52.0,23.0
90,179.42857142857142,264.0,199.0,278.0,182.0,187.0,56.0,17,15.285714285714286,15.0,14.0,15.0,14.0,11.0,21.0,-52.0,-19.0,-36.0,-42.0,-36.0,14.0
143,268.85714285714283,350.0,336.0,323.0,326.0,266.0,138.0,22,21.571428571428573,23.0,19.0,22.0,21.0,20.0,24.0,-57.0,-20.0,-27.0,-55.0,-37.0,15.0
47,121.71428571428571,153.0,145.0,164.0,165.0,128.0,50.0,8,9.142857142857142,6.0,6.0,13.0,10.0,9.0,12.0,-83.0,-43.0,-67.0,-75.0,-44.0,17.0
138,230.0,237.0,311.0,256.0,287.0,275.0,106.0,15,21.285714285714285,29.0,9.0,27.0,14.0,25.0,30.0,-59.0,-19.0,-9.0,-65.0,-43.0,18.0
37,41.857142857142854,32.0,78.0,56.0,42.0,38.0,10.0,2,3.857142857142857,6.0,3.0,7.0,5.0,2.0,2.0,-56.0,-15.0,-28.0,-52.0,-31.0,15.0
101,185.85714285714286,90.0,264.0,199.0,278.0,182.0,187.0,13,14.142857142857142,17.0,15.0,14.0,15.0,14.0,11.0,-46.0,-8.0,36.0,-34.0,-34.0,9.0
161,272.14285714285717,143.0,350.0,336.0,323.0,326.0,266.0,14,20.142857142857142,22.0,23.0,19.0,22.0,21.0,20.0,-47.0,-14.0,69.0,-47.0,-34.0,10.0
69,124.42857142857143,47.0,153.0,145.0,164.0,165.0,128.0,7,8.428571428571429,8.0,6.0,6.0,13.0,10.0,9.0,-78.0,-34.0,-29.0,-70.0,-41.0,11.0
121,232.14285714285714,138.0,237.0,311.0,256.0,287.0,275.0,15,19.142857142857142,15.0,29.0,9.0,27.0,14.0,25.0,-52.0,-14.0,143.0,-64.0,-40.0,11.0
15,42.57142857142857,37.0,32.0,78.0,56.0,42.0,38.0,5,4.285714285714286,2.0,6.0,3.0,7.0,5.0,2.0,-47.0,-13.0,64.0,-40.0,-27.0,9.0
103,173.85714285714286,101.0,90.0,264.0,199.0,278.0,182.0,10,14.0,13.0,17.0,15.0,14.0,15.0,14.0,-48.0,-20.0,-3.0,-54.0,-66.0,23.0
160,257.0,161.0,143.0,350.0,336.0,323.0,326.0,14,19.285714285714285,14.0,22.0,23.0,19.0,22.0,21.0,-48.0,-19.0,79.0,-63.0,-70.0,26.0
69,116.0,69.0,47.0,153.0,145.0,164.0,165.0,13,9.0,7.0,8.0,6.0,6.0,13.0,10.0,-81.0,-48.0,-30.0,-80.0,-80.0,26.0
116,209.42857142857142,121.0,138.0,237.0,311.0,256.0,287.0,14,17.571428571428573,15.0,15.0,29.0,9.0,27.0,14.0,-53.0,-15.0,142.0,-72.0,-74.0,28.0
16,39.42857142857143,15.0,37.0,32.0,78.0,56.0,42.0,2,4.285714285714286,5.0,2.0,6.0,3.0,7.0,5.0,-50.0,-16.0,32.0,-67.0,-71.0,25.0
283,188.28571428571428,103.0,101.0,90.0,264.0,199.0,278.0,12,13.714285714285714,10.0,13.0,17.0,15.0,14.0,15.0,-39.0,-5.0,-1.0,-43.0,-48.0,18.0
313,255.14285714285714,160.0,161.0,143.0,350.0,336.0,323.0,12,18.0,14.0,14.0,22.0,23.0,19.0,22.0,-42.0,-8.0,55.0,-53.0,-56.0,22.0
127,110.57142857142857,69.0,69.0,47.0,153.0,145.0,164.0,8,8.714285714285714,13.0,7.0,8.0,6.0,6.0,13.0,-77.0,-37.0,-32.0,-72.0,-69.0,25.0
269,206.85714285714286,116.0,121.0,138.0,237.0,311.0,256.0,9,16.857142857142858,14.0,15.0,15.0,29.0,9.0,27.0,-46.0,-8.0,104.0,-63.0,-55.0,24.0
58,41.714285714285715,16.0,15.0,37.0,32.0,78.0,56.0,1,3.7142857142857144,2.0,5.0,2.0,6.0,3.0,7.0,-43.0,-13.0,28.0,-54.0,-50.0,20.0
184,174.85714285714286,283.0,103.0,101.0,90.0,264.0,199.0,9,12.857142857142858,12.0,10.0,13.0,17.0,15.0,14.0,-38.0,-7.0,1.0,-41.0,-48.0,19.0
241,243.42857142857142,313.0,160.0,161.0,143.0,350.0,336.0,12,16.571428571428573,12.0,14.0,14.0,22.0,23.0,19.0,-40.0,-6.0,48.0,-53.0,-55.0,22.0
107,102.42857142857143,127.0,69.0,69.0,47.0,153.0,145.0,10,8.285714285714286,8.0,13.0,7.0,8.0,6.0,6.0,-77.0,-36.0,-32.0,-72.0,-69.0,26.0
165,193.85714285714286,269.0,116.0,121.0,138.0,237.0,311.0,18,15.571428571428571,9.0,14.0,15.0,15.0,29.0,9.0,-45.0,-7.0,101.0,-63.0,-55.0,24.0
43,39.857142857142854,58.0,16.0,15.0,37.0,32.0,78.0,2,3.0,1.0,2.0,5.0,2.0,6.0,3.0,-41.0,-11.0,19.0,-55.0,-50.0,21.0
119,163.42857142857142,184.0,283.0,103.0,101.0,90.0,264.0,12,12.571428571428571,9.0,12.0,10.0,13.0,17.0,15.0,-40.0,-5.0,-16.0,-44.0,-49.0,19.0
219,226.71428571428572,241.0,313.0,160.0,161.0,143.0,350.0,15,16.0,12.0,12.0,14.0,14.0,22.0,23.0,-43.0,-8.0,22.0,-55.0,-57.0,23.0
97,95.57142857142857,107.0,127.0,69.0,69.0,47.0,153.0,3,7.857142857142857,10.0,8.0,13.0,7.0,8.0,6.0,-78.0,-36.0,-45.0,-73.0,-70.0,27.0
181,175.28571428571428,165.0,269.0,116.0,121.0,138.0,237.0,10,15.714285714285714,18.0,9.0,14.0,15.0,15.0,29.0,-47.0,-8.0,51.0,-64.0,-56.0,26.0
30,33.0,43.0,58.0,16.0,15.0,37.0,32.0,1,2.7142857142857144,2.0,1.0,2.0,5.0,2.0,6.0,-43.0,-8.0,1.0,-54.0,-51.0,21.0
164,149.14285714285714,119.0,184.0,283.0,103.0,101.0,90.0,9,11.714285714285714,12.0,9.0,12.0,10.0,13.0,17.0,-42.0,-7.0,-3.0,-43.0,-48.0,21.0
161,199.71428571428572,219.0,241.0,313.0,160.0,161.0,143.0,18,15.285714285714286,15.0,12.0,12.0,14.0,14.0,22.0,-47.0,-14.0,31.0,-55.0,-58.0,25.0
74,84.28571428571429,97.0,107.0,127.0,69.0,69.0,47.0,6,7.857142857142857,3.0,10.0,8.0,13.0,7.0,8.0,-79.0,-38.0,-49.0,-72.0,-68.0,27.0
212,171.71428571428572,181.0,165.0,269.0,116.0,121.0,138.0,14,13.571428571428571,10.0,18.0,9.0,14.0,15.0,15.0,-48.0,-7.0,75.0,-63.0,-55.0,27.0
27,32.285714285714285,30.0,43.0,58.0,16.0,15.0,37.0,4,2.4285714285714284,1.0,2.0,1.0,2.0,5.0,2.0,-46.0,-9.0,7.0,-53.0,-50.0,23.0
82,148.0,164.0,119.0,184.0,283.0,103.0,101.0,14,11.285714285714286,9.0,12.0,9.0,12.0,10.0,13.0,-38.0,-5.0,53.0,-24.0,-26.0,10.0
101,193.71428571428572,161.0,219.0,241.0,313.0,160.0,161.0,10,13.571428571428571,18.0,15.0,12.0,12.0,14.0,14.0,-44.0,-8.0,117.0,-42.0,-26.0,10.0
38,83.0,74.0,97.0,107.0,127.0,69.0,69.0,14,8.714285714285714,6.0,3.0,10.0,8.0,13.0,7.0,-76.0,-27.0,-15.0,-66.0,-30.0,11.0
110,167.71428571428572,212.0,181.0,165.0,269.0,116.0,121.0,17,13.857142857142858,14.0,10.0,18.0,9.0,14.0,15.0,-47.0,-6.0,193.0,-56.0,-34.0,13.0
15,29.142857142857142,27.0,30.0,43.0,58.0,16.0,15.0,1,2.2857142857142856,4.0,1.0,2.0,1.0,2.0,5.0,-47.0,-6.0,62.0,-38.0,-21.0,10.0
