date,self_edge_count,inter_edge_count,total_edge_count,prop_self
2020-07-13,89,1564,1653,0.05384150030248034
2020-07-20,157,2935,3092,0.050776196636481245
2020-07-27,164,3073,3237,0.050664195242508495
2020-08-03,178,3168,3346,0.05319784817692767
2020-08-10,173,3066,3239,0.053411546773695584
2020-08-17,152,2873,3025,0.05024793388429752
2020-08-24,125,2568,2693,0.046416635722242854
2020-08-31,141,2428,2569,0.05488516932658622
2020-09-07,130,2253,2383,0.054553084347461187
2020-09-14,96,2135,2231,0.043030031376064544
2020-09-21,118,2145,2263,0.05214317277949625
2020-09-28,116,2219,2335,0.04967880085653105
2020-10-05,140,2573,2713,0.05160339107998525
2020-10-12,176,2997,3173,0.055468011345729595
2020-10-19,194,3129,3323,0.058380981041227804
2020-10-26,191,3290,3481,0.05486929043378339
2020-11-02,239,3725,3964,0.06029263370332997
2020-11-09,275,4372,4647,0.059177964278028836
2020-11-16,338,4922,5260,0.06425855513307985
2020-11-23,438,5907,6345,0.0690307328605201
2020-11-30,358,5389,5747,0.06229337045414999
2020-12-07,371,5424,5795,0.0640207075064711
2020-12-14,414,5701,6115,0.06770237121831561
2020-12-21,418,6244,6662,0.06274392074452116
2020-12-28,480,6867,7347,0.06533278889342589
2021-01-04,388,5713,6101,0.06359613178167514
2021-01-11,356,5789,6145,0.05793327908868999
2021-01-18,371,5383,5754,0.06447688564476886
2021-01-25,338,4840,5178,0.06527616840478949
2021-02-01,320,4254,4574,0.069960647135986
2021-02-08,306,4088,4394,0.06964041875284478
2021-02-15,249,3480,3729,0.0667739340305712
2021-02-22,221,3225,3446,0.0641323273360418
2021-03-01,171,2843,3014,0.056735235567352355
2021-03-08,152,2697,2849,0.053352053352053355
2021-03-15,156,2636,2792,0.055873925501432664
2021-03-22,150,2480,2630,0.057034220532319393
2021-03-29,147,2599,2746,0.053532410779315365
2021-04-05,132,2829,2961,0.044579533941236066
2021-04-12,120,2730,2850,0.042105263157894736
2021-04-19,124,2819,2943,0.042133876996262316
2021-04-26,130,2675,2805,0.04634581105169341
2021-05-03,128,2561,2689,0.0476013387876534
2021-05-10,129,2354,2483,0.05195328231977447
2021-05-17,101,2076,2177,0.04639412034910427
2021-05-24,90,1948,2038,0.04416094210009813
2021-05-31,64,1703,1767,0.03621958121109225
2021-06-07,53,1370,1423,0.03724525650035137
2021-06-14,43,1164,1207,0.035625517812758904
2021-06-21,33,1066,1099,0.03002729754322111
2021-06-28,35,1041,1076,0.032527881040892194
2021-07-05,45,1275,1320,0.03409090909090909
2021-07-12,68,1675,1743,0.03901319563970167
2021-07-19,87,2566,2653,0.03279306445533359
2021-07-26,137,3825,3962,0.03457849570923776
2021-08-02,200,5427,5627,0.03554291807357384
2021-08-09,260,6541,6801,0.03822967210704308
2021-08-16,297,7167,7464,0.039790996784565914
2021-08-23,307,7284,7591,0.04044262942958767
2021-08-30,321,7200,7521,0.04268049461507778
2021-09-06,354,7109,7463,0.047434007771673586
2021-09-13,373,6756,7129,0.05232150371721139
2021-09-20,368,6489,6857,0.053667784745515534
2021-09-27,337,6021,6358,0.05300408933626927
2021-10-04,326,5581,5907,0.055188759099373624
2021-10-11,286,5342,5628,0.05081734186211798
2021-10-18,247,4787,5034,0.049066348827969807
2021-10-25,224,4182,4406,0.05083976395823876
2021-11-01,206,3941,4147,0.04967446346756692
2021-11-08,219,3973,4192,0.05224236641221374
2021-11-15,226,4034,4260,0.053051643192488264
2021-11-22,259,4785,5044,0.05134813639968279
2021-11-29,235,4283,4518,0.05201416555998229
2021-12-06,246,4767,5013,0.049072411729503294
2021-12-13,295,5028,5323,0.05541987600976893
2021-12-20,270,5286,5556,0.04859611231101512
2021-12-27,365,6680,7045,0.051809794180269694
2022-01-03,324,6051,6375,0.050823529411764705
2022-01-10,362,6939,7301,0.049582249006985345
2022-01-17,397,7080,7477,0.05309616156212384
2022-01-24,422,7072,7494,0.056311716039498264
2022-01-31,414,6352,6766,0.06118829441324269
2022-02-07,382,6034,6416,0.05953865336658354
2022-02-14,345,5385,5730,0.060209424083769635
2022-02-21,218,4114,4332,0.050323176361957524
2022-02-28,169,3065,3234,0.05225726654298083
2022-03-07,110,2273,2383,0.04616030214015946
2022-03-14,80,1732,1812,0.04415011037527594
2022-03-21,56,1255,1311,0.04271548436308162
2022-03-28,25,932,957,0.02612330198537095
2022-04-04,28,745,773,0.03622250970245795
2022-04-11,30,704,734,0.04087193460490463
2022-04-18,26,735,761,0.03416557161629435
2022-04-25,25,829,854,0.02927400468384075
2022-05-02,43,986,1029,0.04178814382896016
2022-05-09,44,1193,1237,0.03556992724333064
2022-05-16,64,1495,1559,0.04105195638229634
2022-05-23,60,1755,1815,0.03305785123966942
2022-05-30,87,2007,2094,0.04154727793696275
2022-06-06,78,2148,2226,0.03504043126684636
2022-06-13,93,2197,2290,0.04061135371179039
2022-06-20,0,2251,2251,0.0
2022-06-27,0,2451,2451,0.0
2022-07-04,0,3197,3197,0.0
2022-07-11,0,3507,3507,0.0
2022-07-18,0,3894,3894,0.0
2022-07-25,0,4129,4129,0.0
2022-08-01,0,4092,4092,0.0
2022-08-08,0,3808,3808,0.0
2022-08-15,0,3499,3499,0.0
2022-08-22,0,3065,3065,0.0
2022-08-29,0,2829,2829,0.0
2022-09-05,0,2675,2675,0.0
2022-09-12,0,2331,2331,0.0
2022-09-19,0,2088,2088,0.0
2022-09-26,78,2081,2159,0.036127836961556276
2022-10-03,84,1919,2003,0.04193709435846231
2022-10-10,72,1847,1919,0.03751954142782699
2022-10-17,66,1764,1830,0.036065573770491806
2022-10-24,49,1795,1844,0.026572668112798264
2022-10-31,61,1806,1867,0.03267273701124799
2022-11-07,55,1894,1949,0.028219599794766546
2022-11-14,64,1851,1915,0.03342036553524804
2022-11-21,88,2200,2288,0.038461538461538464
2022-11-28,107,2275,2382,0.044920235096557515
2022-12-05,94,2432,2526,0.03721298495645289
2022-12-12,94,2634,2728,0.0344574780058651
2022-12-19,112,2702,2814,0.03980099502487562
2022-12-26,164,3622,3786,0.04331748547279451
2023-01-02,213,5350,5563,0.03828869315117742
2023-01-09,174,4992,5166,0.03368176538908246
2023-01-16,117,4125,4242,0.027581329561527583
2023-01-23,89,3422,3511,0.02534890344631159
2023-01-30,49,2667,2716,0.01804123711340206
2023-02-06,67,2686,2753,0.024337086814384307
2023-02-13,85,2859,2944,0.028872282608695652
2023-02-20,77,2659,2736,0.028143274853801168
2023-02-27,44,2190,2234,0.019695613249776187
2023-03-06,38,2113,2151,0.017666201766620176
2023-03-13,39,1904,1943,0.02007205352547607
2023-03-20,43,1682,1725,0.024927536231884057
2023-03-27,27,1503,1530,0.01764705882352941
2023-04-03,23,1311,1334,0.017241379310344827
2023-04-10,25,1133,1158,0.02158894645941278
2023-04-17,17,1035,1052,0.016159695817490494
2023-04-24,21,850,871,0.024110218140068886
2023-05-01,14,727,741,0.018893387314439947
2023-05-08,17,671,688,0.024709302325581394
2023-05-15,11,574,585,0.018803418803418803
2023-05-22,11,515,526,0.02091254752851711
2023-05-29,3,459,462,0.006493506493506494
2023-06-05,6,430,436,0.013761467889908258
2023-06-12,9,377,386,0.023316062176165803
2023-06-19,6,339,345,0.017391304347826087
2023-06-26,6,356,362,0.016574585635359115
2023-07-03,4,319,323,0.01238390092879257
2023-07-10,3,352,355,0.008450704225352112
2023-07-17,3,378,381,0.007874015748031496
2023-07-24,3,493,496,0.006048387096774193
2023-07-31,7,644,651,0.010752688172043012
2023-08-07,12,833,845,0.014201183431952662
2023-08-14,15,977,992,0.015120967741935484
2023-08-21,13,1251,1264,0.010284810126582278
2023-08-28,23,1523,1546,0.014877102199223804
2023-09-04,21,1597,1618,0.012978986402966625
2023-09-11,25,1765,1790,0.013966480446927373
2023-09-18,31,1659,1690,0.018343195266272188
2023-09-25,30,1669,1699,0.017657445556209534
2023-10-02,23,1446,1469,0.015656909462219197
2023-10-09,20,1353,1373,0.014566642388929352
2023-10-16,21,1281,1302,0.016129032258064516
2023-10-23,20,1301,1321,0.01514004542013626
2023-10-30,17,1188,1205,0.014107883817427386
2023-11-06,22,1342,1364,0.016129032258064516
2023-11-13,31,1445,1476,0.02100271002710027
2023-11-20,42,1849,1891,0.0222104706504495
2023-11-27,47,2067,2114,0.022232734153263954
2023-12-04,53,2246,2299,0.023053501522401043
2023-12-11,55,2606,2661,0.02066892145809846
2023-12-18,85,2939,3024,0.028108465608465607
2023-12-25,109,3977,4086,0.026676456191874694
2024-01-01,99,3845,3944,0.025101419878296147
2024-01-08,87,3599,3686,0.023602821486706456
2024-01-15,72,2985,3057,0.023552502453385672
2024-01-22,35,1518,1553,0.022537025112685124
2024-01-29,27,1222,1249,0.021617293835068056
2024-02-05,23,1185,1208,0.01903973509933775
2024-02-12,28,1133,1161,0.024117140396210164
2024-02-19,23,1138,1161,0.019810508182601206
2024-02-26,30,1047,1077,0.027855153203342618
2024-03-04,18,848,866,0.020785219399538105
2024-03-11,14,720,734,0.01907356948228883
2024-03-18,12,599,611,0.019639934533551555
2024-03-25,6,501,507,0.011834319526627219
2024-04-01,8,440,448,0.017857142857142856
2024-04-08,5,395,400,0.0125
2024-04-15,4,340,344,0.011627906976744186
2024-04-22,7,295,302,0.023178807947019868
