index,date_of_interest,FIPS,node_key,CASE_COUNT,CASE_COUNT_7DAY_AVG,CASE_DELTA,CASE_COUNT_PREV_0,CASE_COUNT_PREV_1,CASE_COUNT_PREV_2,CASE_COUNT_PREV_3,CASE_COUNT_PREV_4,CASE_COUNT_PREV_5
1,2020-02-29,36005,36005-2020-02-29,0,0,-0.0,0.0,0.0,0.0,0.0,0.0,0.0
0,2020-02-29,36047,36047-2020-02-29,0,0,-0.0,0.0,0.0,0.0,0.0,0.0,0.0
2,2020-02-29,36061,36061-2020-02-29,1,0,-0.0,0.0,0.0,0.0,0.0,0.0,0.0
3,2020-02-29,36081,36081-2020-02-29,0,0,-0.0,0.0,0.0,0.0,0.0,0.0,0.0
4,2020-02-29,36085,36085-2020-02-29,0,0,-0.0,0.0,0.0,0.0,0.0,0.0,0.0
6,2020-03-01,36005,36005-2020-03-01,0,0,-0.0,0.0,0.0,0.0,0.0,0.0,0.0
5,2020-03-01,36047,36047-2020-03-01,0,0,-0.0,0.0,0.0,0.0,0.0,0.0,0.0
7,2020-03-01,36061,36061-2020-03-01,0,0,-0.0,1.0,0.0,0.0,0.0,0.0,0.0
8,2020-03-01,36081,36081-2020-03-01,0,0,-0.0,0.0,0.0,0.0,0.0,0.0,0.0
9,2020-03-01,36085,36085-2020-03-01,0,0,-0.0,0.0,0.0,0.0,0.0,0.0,0.0
11,2020-03-02,36005,36005-2020-03-02,0,0,-0.0,0.0,0.0,0.0,0.0,0.0,0.0
10,2020-03-02,36047,36047-2020-03-02,0,0,-0.0,0.0,0.0,0.0,0.0,0.0,0.0
12,2020-03-02,36061,36061-2020-03-02,0,0,-0.0,0.0,1.0,0.0,0.0,0.0,0.0
13,2020-03-02,36081,36081-2020-03-02,0,0,-0.0,0.0,0.0,0.0,0.0,0.0,0.0
14,2020-03-02,36085,36085-2020-03-02,0,0,-0.0,0.0,0.0,0.0,0.0,0.0,0.0
16,2020-03-03,36005,36005-2020-03-03,0,0,-0.0,0.0,0.0,0.0,0.0,0.0,0.0
15,2020-03-03,36047,36047-2020-03-03,0,0,-0.0,0.0,0.0,0.0,0.0,0.0,0.0
17,2020-03-03,36061,36061-2020-03-03,0,0,-0.0,0.0,0.0,1.0,0.0,0.0,0.0
18,2020-03-03,36081,36081-2020-03-03,1,0,-0.0,0.0,0.0,0.0,0.0,0.0,0.0
19,2020-03-03,36085,36085-2020-03-03,0,0,-0.0,0.0,0.0,0.0,0.0,0.0,0.0
21,2020-03-04,36005,36005-2020-03-04,0,0,-0.0,0.0,0.0,0.0,0.0,0.0,0.0
20,2020-03-04,36047,36047-2020-03-04,1,0,-0.0,0.0,0.0,0.0,0.0,0.0,0.0
22,2020-03-04,36061,36061-2020-03-04,2,0,-0.0,0.0,0.0,0.0,1.0,0.0,0.0
23,2020-03-04,36081,36081-2020-03-04,2,0,-0.0,1.0,0.0,0.0,0.0,0.0,0.0
24,2020-03-04,36085,36085-2020-03-04,0,0,-0.0,0.0,0.0,0.0,0.0,0.0,0.0
26,2020-03-05,36005,36005-2020-03-05,0,0,-0.0,0.0,0.0,0.0,0.0,0.0,0.0
25,2020-03-05,36047,36047-2020-03-05,3,0,1.0,1.0,0.0,0.0,0.0,0.0,0.0
27,2020-03-05,36061,36061-2020-03-05,0,0,1.0,2.0,0.0,0.0,0.0,1.0,0.0
28,2020-03-05,36081,36081-2020-03-05,0,0,1.0,2.0,1.0,0.0,0.0,0.0,0.0
29,2020-03-05,36085,36085-2020-03-05,0,0,-0.0,0.0,0.0,0.0,0.0,0.0,0.0
31,2020-03-06,36005,36005-2020-03-06,2,0,-0.0,0.0,0.0,0.0,0.0,0.0,0.0
30,2020-03-06,36047,36047-2020-03-06,1,1,-0.0,3.0,1.0,0.0,0.0,0.0,0.0
32,2020-03-06,36061,36061-2020-03-06,3,1,-0.0,0.0,2.0,0.0,0.0,0.0,1.0
33,2020-03-06,36081,36081-2020-03-06,1,1,-0.0,0.0,2.0,1.0,0.0,0.0,0.0
34,2020-03-06,36085,36085-2020-03-06,1,0,-0.0,0.0,0.0,0.0,0.0,0.0,0.0
36,2020-03-07,36005,36005-2020-03-07,0,0,1.0,2.0,0.0,0.0,0.0,0.0,0.0
35,2020-03-07,36047,36047-2020-03-07,2,1,1.0,1.0,3.0,1.0,0.0,0.0,0.0
37,2020-03-07,36061,36061-2020-03-07,1,1,1.0,3.0,0.0,2.0,0.0,0.0,0.0
38,2020-03-07,36081,36081-2020-03-07,3,1,1.0,1.0,0.0,2.0,1.0,0.0,0.0
39,2020-03-07,36085,36085-2020-03-07,1,0,-0.0,1.0,0.0,0.0,0.0,0.0,0.0
41,2020-03-08,36005,36005-2020-03-08,3,1,-0.0,0.0,2.0,0.0,0.0,0.0,0.0
40,2020-03-08,36047,36047-2020-03-08,5,2,2.0,2.0,1.0,3.0,1.0,0.0,0.0
42,2020-03-08,36061,36061-2020-03-08,6,2,3.0,1.0,3.0,0.0,2.0,0.0,0.0
43,2020-03-08,36081,36081-2020-03-08,6,2,1.0,3.0,1.0,0.0,2.0,1.0,0.0
44,2020-03-08,36085,36085-2020-03-08,1,0,1.0,1.0,1.0,0.0,0.0,0.0,0.0
46,2020-03-09,36005,36005-2020-03-09,4,1,1.0,3.0,0.0,2.0,0.0,0.0,0.0
45,2020-03-09,36047,36047-2020-03-09,16,4,2.0,5.0,2.0,1.0,3.0,1.0,0.0
47,2020-03-09,36061,36061-2020-03-09,24,5,4.0,6.0,1.0,3.0,0.0,2.0,0.0
48,2020-03-09,36081,36081-2020-03-09,10,3,4.0,6.0,3.0,1.0,0.0,2.0,1.0
49,2020-03-09,36085,36085-2020-03-09,3,1,-0.0,1.0,1.0,1.0,0.0,0.0,0.0
51,2020-03-10,36005,36005-2020-03-10,8,2,3.0,4.0,3.0,0.0,2.0,0.0,0.0
50,2020-03-10,36047,36047-2020-03-10,11,6,4.0,16.0,5.0,2.0,1.0,3.0,1.0
52,2020-03-10,36061,36061-2020-03-10,24,9,8.0,24.0,6.0,1.0,3.0,0.0,2.0
53,2020-03-10,36081,36081-2020-03-10,24,7,5.0,10.0,6.0,3.0,1.0,0.0,2.0
54,2020-03-10,36085,36085-2020-03-10,2,1,1.0,3.0,1.0,1.0,1.0,0.0,0.0
56,2020-03-11,36005,36005-2020-03-11,19,5,4.0,8.0,4.0,3.0,0.0,2.0,0.0
55,2020-03-11,36047,36047-2020-03-11,31,10,13.0,11.0,16.0,5.0,2.0,1.0,3.0
57,2020-03-11,36061,36061-2020-03-11,62,17,20.0,24.0,24.0,6.0,1.0,3.0,0.0
58,2020-03-11,36081,36081-2020-03-11,40,12,11.0,24.0,10.0,6.0,3.0,1.0,0.0
59,2020-03-11,36085,36085-2020-03-11,3,2,1.0,2.0,3.0,1.0,1.0,1.0,0.0
61,2020-03-12,36005,36005-2020-03-12,29,9,11.0,19.0,8.0,4.0,3.0,0.0,2.0
60,2020-03-12,36047,36047-2020-03-12,96,23,24.0,31.0,11.0,16.0,5.0,2.0,1.0
62,2020-03-12,36061,36061-2020-03-12,137,37,25.0,62.0,24.0,24.0,6.0,1.0,3.0
63,2020-03-12,36081,36081-2020-03-12,80,23,24.0,40.0,24.0,10.0,6.0,3.0,1.0
64,2020-03-12,36085,36085-2020-03-12,13,3,4.0,3.0,2.0,3.0,1.0,1.0,1.0
66,2020-03-13,36005,36005-2020-03-13,79,20,13.0,29.0,19.0,8.0,4.0,3.0,0.0
65,2020-03-13,36047,36047-2020-03-13,166,47,23.0,96.0,31.0,11.0,16.0,5.0,2.0
67,2020-03-13,36061,36061-2020-03-13,182,62,25.0,137.0,62.0,24.0,24.0,6.0,1.0
68,2020-03-13,36081,36081-2020-03-13,166,47,27.0,80.0,40.0,24.0,10.0,6.0,3.0
69,2020-03-13,36085,36085-2020-03-13,26,7,3.0,13.0,3.0,2.0,3.0,1.0,1.0
71,2020-03-14,36005,36005-2020-03-14,86,33,16.0,79.0,29.0,19.0,8.0,4.0,3.0
70,2020-03-14,36047,36047-2020-03-14,163,70,61.0,166.0,96.0,31.0,11.0,16.0,5.0
72,2020-03-14,36061,36061-2020-03-14,176,87,29.0,182.0,137.0,62.0,24.0,24.0,6.0
73,2020-03-14,36081,36081-2020-03-14,194,74,32.0,166.0,80.0,40.0,24.0,10.0,6.0
74,2020-03-14,36085,36085-2020-03-14,23,10,7.0,26.0,13.0,3.0,2.0,3.0,1.0
76,2020-03-15,36005,36005-2020-03-15,119,49,43.0,86.0,79.0,29.0,19.0,8.0,4.0
75,2020-03-15,36047,36047-2020-03-15,432,131,103.0,163.0,166.0,96.0,31.0,11.0,16.0
77,2020-03-15,36061,36061-2020-03-15,205,116,62.0,176.0,182.0,137.0,62.0,24.0,24.0
78,2020-03-15,36081,36081-2020-03-15,231,106,74.0,194.0,166.0,80.0,40.0,24.0,10.0
79,2020-03-15,36085,36085-2020-03-15,47,17,12.0,23.0,26.0,13.0,3.0,2.0,3.0
81,2020-03-16,36005,36005-2020-03-16,305,92,48.0,119.0,86.0,79.0,29.0,19.0,8.0
80,2020-03-16,36047,36047-2020-03-16,740,234,110.0,432.0,163.0,166.0,96.0,31.0,11.0
82,2020-03-16,36061,36061-2020-03-16,457,178,77.0,205.0,176.0,182.0,137.0,62.0,24.0
83,2020-03-16,36081,36081-2020-03-16,528,180,90.0,231.0,194.0,166.0,80.0,40.0,24.0
84,2020-03-16,36085,36085-2020-03-16,91,29,15.0,47.0,23.0,26.0,13.0,3.0,2.0
86,2020-03-17,36005,36005-2020-03-17,343,140,66.0,305.0,119.0,86.0,79.0,29.0,19.0
85,2020-03-17,36047,36047-2020-03-17,783,344,134.0,740.0,432.0,163.0,166.0,96.0,31.0
87,2020-03-17,36061,36061-2020-03-17,567,255,68.0,457.0,205.0,176.0,182.0,137.0,62.0
88,2020-03-17,36081,36081-2020-03-17,650,270,113.0,528.0,231.0,194.0,166.0,80.0,40.0
89,2020-03-17,36085,36085-2020-03-17,108,44,21.0,91.0,47.0,23.0,26.0,13.0,3.0
91,2020-03-18,36005,36005-2020-03-18,482,206,85.0,343.0,305.0,119.0,86.0,79.0,29.0
90,2020-03-18,36047,36047-2020-03-18,965,478,158.0,783.0,740.0,432.0,163.0,166.0,96.0
92,2020-03-18,36061,36061-2020-03-18,538,323,60.0,567.0,457.0,205.0,176.0,182.0,137.0
93,2020-03-18,36081,36081-2020-03-18,835,383,141.0,650.0,528.0,231.0,194.0,166.0,80.0
94,2020-03-18,36085,36085-2020-03-18,150,65,35.0,108.0,91.0,47.0,23.0,26.0,13.0
96,2020-03-19,36005,36005-2020-03-19,623,291,92.0,482.0,343.0,305.0,119.0,86.0,79.0
95,2020-03-19,36047,36047-2020-03-19,1204,636,139.0,965.0,783.0,740.0,432.0,163.0,166.0
97,2020-03-19,36061,36061-2020-03-19,555,383,67.0,538.0,567.0,457.0,205.0,176.0,182.0
98,2020-03-19,36081,36081-2020-03-19,1065,524,146.0,835.0,650.0,528.0,231.0,194.0,166.0
99,2020-03-19,36085,36085-2020-03-19,258,100,41.0,150.0,108.0,91.0,47.0,23.0,26.0
101,2020-03-20,36005,36005-2020-03-20,723,383,58.0,623.0,482.0,343.0,305.0,119.0,86.0
100,2020-03-20,36047,36047-2020-03-20,1136,775,56.0,1204.0,965.0,783.0,740.0,432.0,163.0
102,2020-03-20,36061,36061-2020-03-20,653,450,32.0,555.0,538.0,567.0,457.0,205.0,176.0
103,2020-03-20,36081,36081-2020-03-20,1185,670,107.0,1065.0,835.0,650.0,528.0,231.0,194.0
104,2020-03-20,36085,36085-2020-03-20,310,141,32.0,258.0,150.0,108.0,91.0,47.0,23.0
106,2020-03-21,36005,36005-2020-03-21,491,441,54.0,723.0,623.0,482.0,343.0,305.0,119.0
105,2020-03-21,36047,36047-2020-03-21,554,831,46.0,1136.0,1204.0,965.0,783.0,740.0,432.0
107,2020-03-21,36061,36061-2020-03-21,399,482,16.0,653.0,555.0,538.0,567.0,457.0,205.0
108,2020-03-21,36081,36081-2020-03-21,947,777,67.0,1185.0,1065.0,835.0,650.0,528.0,231.0
109,2020-03-21,36085,36085-2020-03-21,248,173,39.0,310.0,258.0,150.0,108.0,91.0,47.0
111,2020-03-22,36005,36005-2020-03-22,495,495,60.0,491.0,723.0,623.0,482.0,343.0,305.0
110,2020-03-22,36047,36047-2020-03-22,755,877,24.0,554.0,1136.0,1204.0,965.0,783.0,740.0
112,2020-03-22,36061,36061-2020-03-22,317,498,10.0,399.0,653.0,555.0,538.0,567.0,457.0
113,2020-03-22,36081,36081-2020-03-22,696,844,95.0,947.0,1185.0,1065.0,835.0,650.0,528.0
114,2020-03-22,36085,36085-2020-03-22,317,212,17.0,248.0,310.0,258.0,150.0,108.0,91.0
116,2020-03-23,36005,36005-2020-03-23,730,555,84.0,495.0,491.0,723.0,623.0,482.0,343.0
115,2020-03-23,36047,36047-2020-03-23,909,901,61.0,755.0,554.0,1136.0,1204.0,965.0,783.0
117,2020-03-23,36061,36061-2020-03-23,530,508,8.0,317.0,399.0,653.0,555.0,538.0,567.0
118,2020-03-23,36081,36081-2020-03-23,1192,939,105.0,696.0,947.0,1185.0,1065.0,835.0,650.0
119,2020-03-23,36085,36085-2020-03-23,209,229,34.0,317.0,248.0,310.0,258.0,150.0,108.0
121,2020-03-24,36005,36005-2020-03-24,927,639,83.0,730.0,495.0,491.0,723.0,623.0,482.0
120,2020-03-24,36047,36047-2020-03-24,1212,962,42.0,909.0,755.0,554.0,1136.0,1204.0,965.0
122,2020-03-24,36061,36061-2020-03-24,619,516,7.0,530.0,317.0,399.0,653.0,555.0,538.0
123,2020-03-24,36081,36081-2020-03-24,1389,1044,105.0,1192.0,696.0,947.0,1185.0,1065.0,835.0
124,2020-03-24,36085,36085-2020-03-24,350,263,35.0,209.0,317.0,248.0,310.0,258.0,150.0
126,2020-03-25,36005,36005-2020-03-25,1068,722,54.0,927.0,730.0,495.0,491.0,723.0,623.0
125,2020-03-25,36047,36047-2020-03-25,1255,1004,24.0,1212.0,909.0,755.0,554.0,1136.0,1204.0
127,2020-03-25,36061,36061-2020-03-25,586,523,10.0,619.0,530.0,317.0,399.0,653.0,555.0
128,2020-03-25,36081,36081-2020-03-25,1570,1149,83.0,1389.0,1192.0,696.0,947.0,1185.0,1065.0
129,2020-03-25,36085,36085-2020-03-25,394,298,21.0,350.0,209.0,317.0,248.0,310.0,258.0
131,2020-03-26,36005,36005-2020-03-26,998,776,52.0,1068.0,927.0,730.0,495.0,491.0,723.0
130,2020-03-26,36047,36047-2020-03-26,1372,1028,41.0,1255.0,1212.0,909.0,755.0,554.0,1136.0
132,2020-03-26,36061,36061-2020-03-26,625,533,-0.0,586.0,619.0,530.0,317.0,399.0,653.0
133,2020-03-26,36081,36081-2020-03-26,1644,1232,56.0,1570.0,1389.0,1192.0,696.0,947.0,1185.0
134,2020-03-26,36085,36085-2020-03-26,405,319,9.0,394.0,350.0,209.0,317.0,248.0,310.0
136,2020-03-27,36005,36005-2020-03-27,1090,828,39.0,998.0,1068.0,927.0,730.0,495.0,491.0
135,2020-03-27,36047,36047-2020-03-27,1425,1069,44.0,1372.0,1255.0,1212.0,909.0,755.0,554.0
137,2020-03-27,36061,36061-2020-03-27,656,533,-1.0,625.0,586.0,619.0,530.0,317.0,399.0
138,2020-03-27,36081,36081-2020-03-27,1576,1288,36.0,1644.0,1570.0,1389.0,1192.0,696.0,947.0
139,2020-03-27,36085,36085-2020-03-27,372,328,2.0,405.0,394.0,350.0,209.0,317.0,248.0
141,2020-03-28,36005,36005-2020-03-28,761,867,29.0,1090.0,998.0,1068.0,927.0,730.0,495.0
140,2020-03-28,36047,36047-2020-03-28,863,1113,56.0,1425.0,1372.0,1255.0,1212.0,909.0,755.0
142,2020-03-28,36061,36061-2020-03-28,388,532,12.0,656.0,625.0,586.0,619.0,530.0,317.0
143,2020-03-28,36081,36081-2020-03-28,1201,1324,54.0,1576.0,1644.0,1570.0,1389.0,1192.0,696.0
144,2020-03-28,36085,36085-2020-03-28,265,330,-12.0,372.0,405.0,394.0,350.0,209.0,317.0
146,2020-03-29,36005,36005-2020-03-29,699,896,84.0,761.0,1090.0,998.0,1068.0,927.0,730.0
145,2020-03-29,36047,36047-2020-03-29,1149,1169,121.0,863.0,1425.0,1372.0,1255.0,1212.0,909.0
147,2020-03-29,36061,36061-2020-03-29,407,544,39.0,388.0,656.0,625.0,586.0,619.0,530.0
148,2020-03-29,36081,36081-2020-03-29,1075,1378,95.0,1201.0,1576.0,1644.0,1570.0,1389.0,1192.0
149,2020-03-29,36085,36085-2020-03-29,230,318,27.0,265.0,372.0,405.0,394.0,350.0,209.0
151,2020-03-30,36005,36005-2020-03-30,1315,980,50.0,699.0,761.0,1090.0,998.0,1068.0,927.0
150,2020-03-30,36047,36047-2020-03-30,1754,1290,43.0,1149.0,863.0,1425.0,1372.0,1255.0,1212.0
152,2020-03-30,36061,36061-2020-03-30,802,583,-0.0,407.0,388.0,656.0,625.0,586.0,619.0
153,2020-03-30,36081,36081-2020-03-30,1859,1473,61.0,1075.0,1201.0,1576.0,1644.0,1570.0,1389.0
154,2020-03-30,36085,36085-2020-03-30,398,345,-16.0,230.0,265.0,372.0,405.0,394.0,350.0
156,2020-03-31,36005,36005-2020-03-31,1282,1030,25.0,1315.0,699.0,761.0,1090.0,998.0,1068.0
155,2020-03-31,36047,36047-2020-03-31,1512,1333,48.0,1754.0,1149.0,863.0,1425.0,1372.0,1255.0
157,2020-03-31,36061,36061-2020-03-31,616,583,-2.0,802.0,407.0,388.0,656.0,625.0,586.0
158,2020-03-31,36081,36081-2020-03-31,1811,1534,30.0,1859.0,1075.0,1201.0,1576.0,1644.0,1570.0
159,2020-03-31,36085,36085-2020-03-31,237,329,-19.0,398.0,230.0,265.0,372.0,405.0,394.0
161,2020-04-01,36005,36005-2020-04-01,1240,1055,42.0,1282.0,1315.0,699.0,761.0,1090.0,998.0
160,2020-04-01,36047,36047-2020-04-01,1590,1381,34.0,1512.0,1754.0,1149.0,863.0,1425.0,1372.0
162,2020-04-01,36061,36061-2020-04-01,573,581,4.0,616.0,802.0,407.0,388.0,656.0,625.0
163,2020-04-01,36081,36081-2020-04-01,1781,1564,26.0,1811.0,1859.0,1075.0,1201.0,1576.0,1644.0
164,2020-04-01,36085,36085-2020-04-01,264,310,-5.0,237.0,398.0,230.0,265.0,372.0,405.0
166,2020-04-02,36005,36005-2020-04-02,1289,1097,51.0,1240.0,1282.0,1315.0,699.0,761.0,1090.0
165,2020-04-02,36047,36047-2020-04-02,1610,1415,2.0,1590.0,1512.0,1754.0,1149.0,863.0,1425.0
167,2020-04-02,36061,36061-2020-04-02,652,585,2.0,573.0,616.0,802.0,407.0,388.0,656.0
168,2020-04-02,36081,36081-2020-04-02,1826,1590,26.0,1781.0,1811.0,1859.0,1075.0,1201.0,1576.0
169,2020-04-02,36085,36085-2020-04-02,369,305,-4.0,264.0,237.0,398.0,230.0,265.0,372.0
171,2020-04-03,36005,36005-2020-04-03,1452,1148,36.0,1289.0,1240.0,1282.0,1315.0,699.0,761.0
170,2020-04-03,36047,36047-2020-04-03,1440,1417,8.0,1610.0,1590.0,1512.0,1754.0,1149.0,863.0
172,2020-04-03,36061,36061-2020-04-03,671,587,-0.0,652.0,573.0,616.0,802.0,407.0,388.0
173,2020-04-03,36081,36081-2020-04-03,1762,1616,1.0,1826.0,1781.0,1811.0,1859.0,1075.0,1201.0
174,2020-04-03,36085,36085-2020-04-03,345,301,12.0,369.0,264.0,237.0,398.0,230.0,265.0
176,2020-04-04,36005,36005-2020-04-04,1012,1184,18.0,1452.0,1289.0,1240.0,1282.0,1315.0,699.0
175,2020-04-04,36047,36047-2020-04-04,920,1425,-1.0,1440.0,1610.0,1590.0,1512.0,1754.0,1149.0
177,2020-04-04,36061,36061-2020-04-04,385,587,-8.0,671.0,652.0,573.0,616.0,802.0,407.0
178,2020-04-04,36081,36081-2020-04-04,1203,1617,8.0,1762.0,1826.0,1781.0,1811.0,1859.0,1075.0
179,2020-04-04,36085,36085-2020-04-04,345,313,13.0,345.0,369.0,264.0,237.0,398.0,230.0
181,2020-04-05,36005,36005-2020-04-05,822,1202,28.0,1012.0,1452.0,1289.0,1240.0,1282.0,1315.0
180,2020-04-05,36047,36047-2020-04-05,1144,1424,-42.0,920.0,1440.0,1610.0,1590.0,1512.0,1754.0
182,2020-04-05,36061,36061-2020-04-05,356,579,-11.0,385.0,671.0,652.0,573.0,616.0,802.0
183,2020-04-05,36081,36081-2020-04-05,1136,1625,10.0,1203.0,1762.0,1826.0,1781.0,1811.0,1859.0
184,2020-04-05,36085,36085-2020-04-05,323,326,47.0,345.0,345.0,369.0,264.0,237.0,398.0
186,2020-04-06,36005,36005-2020-04-06,1514,1230,26.0,822.0,1012.0,1452.0,1289.0,1240.0,1282.0
185,2020-04-06,36047,36047-2020-04-06,1461,1382,-16.0,1144.0,920.0,1440.0,1610.0,1590.0,1512.0
187,2020-04-06,36061,36061-2020-04-06,721,568,-2.0,356.0,385.0,671.0,652.0,573.0,616.0
188,2020-04-06,36081,36081-2020-04-06,1927,1635,20.0,1136.0,1203.0,1762.0,1826.0,1781.0,1811.0
189,2020-04-06,36085,36085-2020-04-06,730,373,56.0,323.0,345.0,345.0,369.0,264.0,237.0
191,2020-04-07,36005,36005-2020-04-07,1463,1256,9.0,1514.0,822.0,1012.0,1452.0,1289.0,1240.0
190,2020-04-07,36047,36047-2020-04-07,1397,1366,-41.0,1461.0,1144.0,920.0,1440.0,1610.0,1590.0
192,2020-04-07,36061,36061-2020-04-07,605,566,-4.0,721.0,356.0,385.0,671.0,652.0,573.0
193,2020-04-07,36081,36081-2020-04-07,1949,1655,11.0,1927.0,1136.0,1203.0,1762.0,1826.0,1781.0
194,2020-04-07,36085,36085-2020-04-07,630,429,43.0,730.0,323.0,345.0,345.0,369.0,264.0
196,2020-04-08,36005,36005-2020-04-08,1304,1265,-0.0,1463.0,1514.0,822.0,1012.0,1452.0,1289.0
195,2020-04-08,36047,36047-2020-04-08,1305,1325,-34.0,1397.0,1461.0,1144.0,920.0,1440.0,1610.0
197,2020-04-08,36061,36061-2020-04-08,546,562,-13.0,605.0,721.0,356.0,385.0,671.0,652.0
198,2020-04-08,36081,36081-2020-04-08,1857,1666,-38.0,1949.0,1927.0,1136.0,1203.0,1762.0,1826.0
199,2020-04-08,36085,36085-2020-04-08,562,472,-10.0,630.0,730.0,323.0,345.0,345.0,369.0
201,2020-04-09,36005,36005-2020-04-09,1285,1265,-33.0,1304.0,1463.0,1514.0,822.0,1012.0,1452.0
200,2020-04-09,36047,36047-2020-04-09,1369,1291,-42.0,1305.0,1397.0,1461.0,1144.0,920.0,1440.0
202,2020-04-09,36061,36061-2020-04-09,558,549,-25.0,546.0,605.0,721.0,356.0,385.0,671.0
203,2020-04-09,36081,36081-2020-04-09,1560,1628,-60.0,1857.0,1949.0,1927.0,1136.0,1203.0,1762.0
204,2020-04-09,36085,36085-2020-04-09,298,462,-6.0,562.0,630.0,730.0,323.0,345.0,345.0
206,2020-04-10,36005,36005-2020-04-10,1227,1232,-2.0,1285.0,1304.0,1463.0,1514.0,822.0,1012.0
205,2020-04-10,36047,36047-2020-04-10,1145,1249,30.0,1369.0,1305.0,1397.0,1461.0,1144.0,920.0
207,2020-04-10,36061,36061-2020-04-10,495,524,-12.0,558.0,546.0,605.0,721.0,356.0,385.0
208,2020-04-10,36081,36081-2020-04-10,1342,1568,-31.0,1560.0,1857.0,1949.0,1927.0,1136.0,1203.0
209,2020-04-10,36085,36085-2020-04-10,301,456,-5.0,298.0,562.0,630.0,730.0,323.0,345.0
211,2020-04-11,36005,36005-2020-04-11,998,1230,-8.0,1227.0,1285.0,1304.0,1463.0,1514.0,822.0
210,2020-04-11,36047,36047-2020-04-11,1131,1279,-63.0,1145.0,1369.0,1305.0,1397.0,1461.0,1144.0
212,2020-04-11,36061,36061-2020-04-11,304,512,-15.0,495.0,558.0,546.0,605.0,721.0,356.0
213,2020-04-11,36081,36081-2020-04-11,987,1537,-32.0,1342.0,1560.0,1857.0,1949.0,1927.0,1136.0
214,2020-04-11,36085,36085-2020-04-11,311,451,-10.0,301.0,298.0,562.0,630.0,730.0,323.0
216,2020-04-12,36005,36005-2020-04-12,763,1222,-117.0,998.0,1227.0,1285.0,1304.0,1463.0,1514.0
215,2020-04-12,36047,36047-2020-04-12,703,1216,-57.0,1131.0,1145.0,1369.0,1305.0,1397.0,1461.0
217,2020-04-12,36061,36061-2020-04-12,252,497,-47.0,304.0,495.0,558.0,546.0,605.0,721.0
218,2020-04-12,36081,36081-2020-04-12,916,1505,-136.0,987.0,1342.0,1560.0,1857.0,1949.0,1927.0
219,2020-04-12,36085,36085-2020-04-12,253,441,-78.0,311.0,301.0,298.0,562.0,630.0,730.0
221,2020-04-13,36005,36005-2020-04-13,693,1105,-56.0,763.0,998.0,1227.0,1285.0,1304.0,1463.0
220,2020-04-13,36047,36047-2020-04-13,1066,1159,-51.0,703.0,1131.0,1145.0,1369.0,1305.0,1397.0
222,2020-04-13,36061,36061-2020-04-13,393,450,-23.0,252.0,304.0,495.0,558.0,546.0,605.0
223,2020-04-13,36081,36081-2020-04-13,974,1369,-92.0,916.0,987.0,1342.0,1560.0,1857.0,1949.0
224,2020-04-13,36085,36085-2020-04-13,185,363,-49.0,253.0,311.0,301.0,298.0,562.0,630.0
226,2020-04-14,36005,36005-2020-04-14,1076,1049,-33.0,693.0,763.0,998.0,1227.0,1285.0,1304.0
225,2020-04-14,36047,36047-2020-04-14,1038,1108,-60.0,1066.0,703.0,1131.0,1145.0,1369.0,1305.0
227,2020-04-14,36061,36061-2020-04-14,440,427,-17.0,393.0,252.0,304.0,495.0,558.0,546.0
228,2020-04-14,36081,36081-2020-04-14,1300,1277,-97.0,974.0,916.0,987.0,1342.0,1560.0,1857.0
229,2020-04-14,36085,36085-2020-04-14,290,314,-35.0,185.0,253.0,311.0,301.0,298.0,562.0
231,2020-04-15,36005,36005-2020-04-15,1068,1016,-50.0,1076.0,693.0,763.0,998.0,1227.0,1285.0
230,2020-04-15,36047,36047-2020-04-15,882,1048,-69.0,1038.0,1066.0,703.0,1131.0,1145.0,1369.0
232,2020-04-15,36061,36061-2020-04-15,429,410,-29.0,440.0,393.0,252.0,304.0,495.0,558.0
233,2020-04-15,36081,36081-2020-04-15,1180,1180,-60.0,1300.0,974.0,916.0,987.0,1342.0,1560.0
234,2020-04-15,36085,36085-2020-04-15,317,279,-12.0,290.0,185.0,253.0,311.0,301.0,298.0
236,2020-04-16,36005,36005-2020-04-16,940,966,-44.0,1068.0,1076.0,693.0,763.0,998.0,1227.0
235,2020-04-16,36047,36047-2020-04-16,885,979,-27.0,882.0,1038.0,1066.0,703.0,1131.0,1145.0
237,2020-04-16,36061,36061-2020-04-16,355,381,-23.0,429.0,440.0,393.0,252.0,304.0,495.0
238,2020-04-16,36081,36081-2020-04-16,1139,1120,-35.0,1180.0,1300.0,974.0,916.0,987.0,1342.0
239,2020-04-16,36085,36085-2020-04-16,211,267,-3.0,317.0,290.0,185.0,253.0,311.0,301.0
241,2020-04-17,36005,36005-2020-04-17,916,922,-64.0,940.0,1068.0,1076.0,693.0,763.0,998.0
240,2020-04-17,36047,36047-2020-04-17,962,952,-79.0,885.0,882.0,1038.0,1066.0,703.0,1131.0
242,2020-04-17,36061,36061-2020-04-17,330,358,-17.0,355.0,429.0,440.0,393.0,252.0,304.0
243,2020-04-17,36081,36081-2020-04-17,1099,1085,-40.0,1139.0,1180.0,1300.0,974.0,916.0,987.0
244,2020-04-17,36085,36085-2020-04-17,279,264,-23.0,211.0,317.0,290.0,185.0,253.0,311.0
246,2020-04-18,36005,36005-2020-04-18,552,858,-33.0,916.0,940.0,1068.0,1076.0,693.0,763.0
245,2020-04-18,36047,36047-2020-04-18,575,873,-10.0,962.0,885.0,882.0,1038.0,1066.0,703.0
247,2020-04-18,36061,36061-2020-04-18,187,341,-11.0,330.0,355.0,429.0,440.0,393.0,252.0
248,2020-04-18,36081,36081-2020-04-18,705,1045,-7.0,1099.0,1139.0,1180.0,1300.0,974.0,916.0
249,2020-04-18,36085,36085-2020-04-18,153,241,-17.0,279.0,211.0,317.0,290.0,185.0,253.0
251,2020-04-19,36005,36005-2020-04-19,532,825,41.0,552.0,916.0,940.0,1068.0,1076.0,693.0
250,2020-04-19,36047,36047-2020-04-19,635,863,-12.0,575.0,962.0,885.0,882.0,1038.0,1066.0
252,2020-04-19,36061,36061-2020-04-19,176,330,-2.0,187.0,330.0,355.0,429.0,440.0,393.0
253,2020-04-19,36081,36081-2020-04-19,866,1038,35.0,705.0,1099.0,1139.0,1180.0,1300.0,974.0
254,2020-04-19,36085,36085-2020-04-19,134,224,6.0,153.0,279.0,211.0,317.0,290.0,185.0
256,2020-04-20,36005,36005-2020-04-20,981,866,-62.0,532.0,552.0,916.0,940.0,1068.0,1076.0
255,2020-04-20,36047,36047-2020-04-20,983,851,-20.0,635.0,575.0,962.0,885.0,882.0,1038.0
257,2020-04-20,36061,36061-2020-04-20,381,328,-10.0,176.0,187.0,330.0,355.0,429.0,440.0
258,2020-04-20,36081,36081-2020-04-20,1223,1073,-52.0,866.0,705.0,1099.0,1139.0,1180.0,1300.0
259,2020-04-20,36085,36085-2020-04-20,224,230,-11.0,134.0,153.0,279.0,211.0,317.0,290.0
261,2020-04-21,36005,36005-2020-04-21,641,804,-20.0,981.0,532.0,552.0,916.0,940.0,1068.0
260,2020-04-21,36047,36047-2020-04-21,896,831,-4.0,983.0,635.0,575.0,962.0,885.0,882.0
262,2020-04-21,36061,36061-2020-04-21,371,318,-6.0,381.0,176.0,187.0,330.0,355.0,429.0
263,2020-04-21,36081,36081-2020-04-21,937,1021,-10.0,1223.0,866.0,705.0,1099.0,1139.0,1180.0
264,2020-04-21,36085,36085-2020-04-21,216,219,-20.0,224.0,134.0,153.0,279.0,211.0,317.0
266,2020-04-22,36005,36005-2020-04-22,927,784,-29.0,641.0,981.0,532.0,552.0,916.0,940.0
265,2020-04-22,36047,36047-2020-04-22,854,827,-14.0,896.0,983.0,635.0,575.0,962.0,885.0
267,2020-04-22,36061,36061-2020-04-22,382,312,6.0,371.0,381.0,176.0,187.0,330.0,355.0
268,2020-04-22,36081,36081-2020-04-22,1109,1011,-49.0,937.0,1223.0,866.0,705.0,1099.0,1139.0
269,2020-04-22,36085,36085-2020-04-22,173,199,-12.0,216.0,224.0,134.0,153.0,279.0,211.0
271,2020-04-23,36005,36005-2020-04-23,735,755,-48.0,927.0,641.0,981.0,532.0,552.0,916.0
270,2020-04-23,36047,36047-2020-04-23,786,813,-47.0,854.0,896.0,983.0,635.0,575.0,962.0
272,2020-04-23,36061,36061-2020-04-23,400,318,11.0,382.0,371.0,381.0,176.0,187.0,330.0
273,2020-04-23,36081,36081-2020-04-23,793,962,-47.0,1109.0,937.0,1223.0,866.0,705.0,1099.0
274,2020-04-23,36085,36085-2020-04-23,127,187,-20.0,173.0,216.0,224.0,134.0,153.0,279.0
276,2020-04-24,36005,36005-2020-04-24,579,707,-19.0,735.0,927.0,641.0,981.0,532.0,552.0
275,2020-04-24,36047,36047-2020-04-24,630,766,-25.0,786.0,854.0,896.0,983.0,635.0,575.0
277,2020-04-24,36061,36061-2020-04-24,408,329,-6.0,400.0,382.0,371.0,381.0,176.0,187.0
278,2020-04-24,36081,36081-2020-04-24,775,915,-23.0,793.0,1109.0,937.0,1223.0,866.0,705.0
279,2020-04-24,36085,36085-2020-04-24,143,167,-9.0,127.0,173.0,216.0,224.0,134.0,153.0
281,2020-04-25,36005,36005-2020-04-25,418,688,-48.0,579.0,735.0,927.0,641.0,981.0,532.0
280,2020-04-25,36047,36047-2020-04-25,404,741,-43.0,630.0,786.0,854.0,896.0,983.0,635.0
282,2020-04-25,36061,36061-2020-04-25,145,323,-11.0,408.0,400.0,382.0,371.0,381.0,176.0
283,2020-04-25,36081,36081-2020-04-25,540,892,-77.0,775.0,793.0,1109.0,937.0,1223.0,866.0
284,2020-04-25,36085,36085-2020-04-25,88,158,-13.0,143.0,127.0,173.0,216.0,224.0,134.0
286,2020-04-26,36005,36005-2020-04-26,196,640,-62.0,418.0,579.0,735.0,927.0,641.0,981.0
285,2020-04-26,36047,36047-2020-04-26,332,698,-54.0,404.0,630.0,786.0,854.0,896.0,983.0
287,2020-04-26,36061,36061-2020-04-26,98,312,-11.0,145.0,408.0,400.0,382.0,371.0,381.0
288,2020-04-26,36081,36081-2020-04-26,331,815,-71.0,540.0,775.0,793.0,1109.0,937.0,1223.0
289,2020-04-26,36085,36085-2020-04-26,46,145,-16.0,88.0,143.0,127.0,173.0,216.0,224.0
291,2020-04-27,36005,36005-2020-04-27,551,578,4.0,196.0,418.0,579.0,735.0,927.0,641.0
290,2020-04-27,36047,36047-2020-04-27,607,644,-27.0,332.0,404.0,630.0,786.0,854.0,896.0
292,2020-04-27,36061,36061-2020-04-27,302,301,-7.0,98.0,145.0,408.0,400.0,382.0,371.0
293,2020-04-27,36081,36081-2020-04-27,723,744,-6.0,331.0,540.0,775.0,793.0,1109.0,937.0
294,2020-04-27,36085,36085-2020-04-27,107,129,-13.0,46.0,88.0,143.0,127.0,173.0,216.0
296,2020-04-28,36005,36005-2020-04-28,668,582,-53.0,551.0,196.0,418.0,579.0,735.0,927.0
295,2020-04-28,36047,36047-2020-04-28,709,617,-24.0,607.0,332.0,404.0,630.0,786.0,854.0
297,2020-04-28,36061,36061-2020-04-28,323,294,-14.0,302.0,98.0,145.0,408.0,400.0,382.0
298,2020-04-28,36081,36081-2020-04-28,896,738,-60.0,723.0,331.0,540.0,775.0,793.0,1109.0
299,2020-04-28,36085,36085-2020-04-28,130,116,-7.0,107.0,46.0,88.0,143.0,127.0,173.0
301,2020-04-29,36005,36005-2020-04-29,557,529,-36.0,668.0,551.0,196.0,418.0,579.0,735.0
300,2020-04-29,36047,36047-2020-04-29,683,593,-27.0,709.0,607.0,332.0,404.0,630.0,786.0
302,2020-04-29,36061,36061-2020-04-29,285,280,-26.0,323.0,302.0,98.0,145.0,408.0,400.0
303,2020-04-29,36081,36081-2020-04-29,691,678,-28.0,896.0,723.0,331.0,540.0,775.0,793.0
304,2020-04-29,36085,36085-2020-04-29,123,109,1.0,130.0,107.0,46.0,88.0,143.0,127.0
306,2020-04-30,36005,36005-2020-04-30,482,493,-18.0,557.0,668.0,551.0,196.0,418.0,579.0
305,2020-04-30,36047,36047-2020-04-30,600,566,-19.0,683.0,709.0,607.0,332.0,404.0,630.0
307,2020-04-30,36061,36061-2020-04-30,217,254,-24.0,285.0,323.0,302.0,98.0,145.0,408.0
308,2020-04-30,36081,36081-2020-04-30,592,650,-22.0,691.0,896.0,723.0,331.0,540.0,775.0
309,2020-04-30,36085,36085-2020-04-30,130,110,-10.0,123.0,130.0,107.0,46.0,88.0,143.0
311,2020-05-01,36005,36005-2020-05-01,450,475,-23.0,482.0,557.0,668.0,551.0,196.0,418.0
310,2020-05-01,36047,36047-2020-05-01,497,547,-20.0,600.0,683.0,709.0,607.0,332.0,404.0
312,2020-05-01,36061,36061-2020-05-01,240,230,-1.0,217.0,285.0,323.0,302.0,98.0,145.0
313,2020-05-01,36081,36081-2020-05-01,621,628,-30.0,592.0,691.0,896.0,723.0,331.0,540.0
314,2020-05-01,36085,36085-2020-05-01,78,100,-4.0,130.0,123.0,130.0,107.0,46.0,88.0
316,2020-05-02,36005,36005-2020-05-02,263,452,-6.0,450.0,482.0,557.0,668.0,551.0,196.0
315,2020-05-02,36047,36047-2020-05-02,263,527,-12.0,497.0,600.0,683.0,709.0,607.0,332.0
317,2020-05-02,36061,36061-2020-05-02,138,229,1.0,240.0,217.0,285.0,323.0,302.0,98.0
318,2020-05-02,36081,36081-2020-05-02,333,598,-11.0,621.0,592.0,691.0,896.0,723.0,331.0
319,2020-05-02,36085,36085-2020-05-02,61,96,-1.0,78.0,130.0,123.0,130.0,107.0,46.0
321,2020-05-03,36005,36005-2020-05-03,153,446,-29.0,263.0,450.0,482.0,557.0,668.0,551.0
320,2020-05-03,36047,36047-2020-05-03,245,515,-21.0,263.0,497.0,600.0,683.0,709.0,607.0
322,2020-05-03,36061,36061-2020-05-03,103,230,-13.0,138.0,240.0,217.0,285.0,323.0,302.0
323,2020-05-03,36081,36081-2020-05-03,251,587,-41.0,333.0,621.0,592.0,691.0,896.0,723.0
324,2020-05-03,36085,36085-2020-05-03,35,95,-3.0,61.0,78.0,130.0,123.0,130.0,107.0
326,2020-05-04,36005,36005-2020-05-04,349,417,-53.0,153.0,263.0,450.0,482.0,557.0,668.0
325,2020-05-04,36047,36047-2020-05-04,461,494,-40.0,245.0,263.0,497.0,600.0,683.0,709.0
327,2020-05-04,36061,36061-2020-05-04,214,217,-11.0,103.0,138.0,240.0,217.0,285.0,323.0
328,2020-05-04,36081,36081-2020-05-04,437,546,-62.0,251.0,333.0,621.0,592.0,691.0,896.0
329,2020-05-04,36085,36085-2020-05-04,88,92,-7.0,35.0,61.0,78.0,130.0,123.0,130.0
331,2020-05-05,36005,36005-2020-05-05,294,364,-40.0,349.0,153.0,263.0,450.0,482.0,557.0
330,2020-05-05,36047,36047-2020-05-05,432,454,-33.0,461.0,245.0,263.0,497.0,600.0,683.0
332,2020-05-05,36061,36061-2020-05-05,242,206,-18.0,214.0,103.0,138.0,240.0,217.0,285.0
333,2020-05-05,36081,36081-2020-05-05,462,484,-36.0,437.0,251.0,333.0,621.0,592.0,691.0
334,2020-05-05,36085,36085-2020-05-05,82,85,-9.0,88.0,35.0,61.0,78.0,130.0,123.0
336,2020-05-06,36005,36005-2020-05-06,279,324,-26.0,294.0,349.0,153.0,263.0,450.0,482.0
335,2020-05-06,36047,36047-2020-05-06,450,421,-28.0,432.0,461.0,245.0,263.0,497.0,600.0
337,2020-05-06,36061,36061-2020-05-06,165,188,-14.0,242.0,214.0,103.0,138.0,240.0,217.0
338,2020-05-06,36081,36081-2020-05-06,443,448,-33.0,462.0,437.0,251.0,333.0,621.0,592.0
339,2020-05-06,36085,36085-2020-05-06,60,76,-10.0,82.0,88.0,35.0,61.0,78.0,130.0
341,2020-05-07,36005,36005-2020-05-07,298,298,-29.0,279.0,294.0,349.0,153.0,263.0,450.0
340,2020-05-07,36047,36047-2020-05-07,403,393,-22.0,450.0,432.0,461.0,245.0,263.0,497.0
342,2020-05-07,36061,36061-2020-05-07,119,174,-20.0,165.0,242.0,214.0,103.0,138.0,240.0
343,2020-05-07,36081,36081-2020-05-07,358,415,-40.0,443.0,462.0,437.0,251.0,333.0,621.0
344,2020-05-07,36085,36085-2020-05-07,60,66,-5.0,60.0,82.0,88.0,35.0,61.0,78.0
346,2020-05-08,36005,36005-2020-05-08,250,269,-12.0,298.0,279.0,294.0,349.0,153.0,263.0
345,2020-05-08,36047,36047-2020-05-08,344,371,-20.0,403.0,450.0,432.0,461.0,245.0,263.0
347,2020-05-08,36061,36061-2020-05-08,99,154,-9.0,119.0,165.0,242.0,214.0,103.0,138.0
348,2020-05-08,36081,36081-2020-05-08,344,375,-11.0,358.0,443.0,462.0,437.0,251.0,333.0
349,2020-05-08,36085,36085-2020-05-08,42,61,-4.0,60.0,60.0,82.0,88.0,35.0,61.0
351,2020-05-09,36005,36005-2020-05-09,175,257,-11.0,250.0,298.0,279.0,294.0,349.0,153.0
350,2020-05-09,36047,36047-2020-05-09,119,351,-9.0,344.0,403.0,450.0,432.0,461.0,245.0
352,2020-05-09,36061,36061-2020-05-09,75,145,-1.0,99.0,119.0,165.0,242.0,214.0,103.0
353,2020-05-09,36081,36081-2020-05-09,256,364,-23.0,344.0,358.0,443.0,462.0,437.0,251.0
354,2020-05-09,36085,36085-2020-05-09,32,57,-3.0,42.0,60.0,60.0,82.0,88.0,35.0
356,2020-05-10,36005,36005-2020-05-10,75,246,-18.0,175.0,250.0,298.0,279.0,294.0,349.0
355,2020-05-10,36047,36047-2020-05-10,188,342,-7.0,119.0,344.0,403.0,450.0,432.0,461.0
357,2020-05-10,36061,36061-2020-05-10,95,144,-3.0,75.0,99.0,119.0,165.0,242.0,214.0
358,2020-05-10,36081,36081-2020-05-10,85,341,-9.0,256.0,344.0,358.0,443.0,462.0,437.0
359,2020-05-10,36085,36085-2020-05-10,14,54,-9.0,32.0,42.0,60.0,60.0,82.0,88.0
361,2020-05-11,36005,36005-2020-05-11,226,228,9.0,75.0,175.0,250.0,298.0,279.0,294.0
360,2020-05-11,36047,36047-2020-05-11,410,335,-4.0,188.0,119.0,344.0,403.0,450.0,432.0
362,2020-05-11,36061,36061-2020-05-11,192,141,-11.0,95.0,75.0,99.0,119.0,165.0,242.0
363,2020-05-11,36081,36081-2020-05-11,376,332,-21.0,85.0,256.0,344.0,358.0,443.0,462.0
364,2020-05-11,36085,36085-2020-05-11,27,45,-4.0,14.0,32.0,42.0,60.0,60.0,82.0
366,2020-05-12,36005,36005-2020-05-12,355,237,26.0,226.0,75.0,175.0,250.0,298.0,279.0
365,2020-05-12,36047,36047-2020-05-12,400,331,-13.0,410.0,188.0,119.0,344.0,403.0,450.0
367,2020-05-12,36061,36061-2020-05-12,163,130,-2.0,192.0,95.0,75.0,99.0,119.0,165.0
368,2020-05-12,36081,36081-2020-05-12,314,311,-20.0,376.0,85.0,256.0,344.0,358.0,443.0
369,2020-05-12,36085,36085-2020-05-12,53,41,-2.0,27.0,14.0,32.0,42.0,60.0,60.0
371,2020-05-13,36005,36005-2020-05-13,461,263,-6.0,355.0,226.0,75.0,175.0,250.0,298.0
370,2020-05-13,36047,36047-2020-05-13,362,318,-10.0,400.0,410.0,188.0,119.0,344.0,403.0
372,2020-05-13,36061,36061-2020-05-13,156,128,5.0,163.0,192.0,95.0,75.0,99.0,119.0
373,2020-05-13,36081,36081-2020-05-13,307,291,-3.0,314.0,376.0,85.0,256.0,344.0,358.0
374,2020-05-13,36085,36085-2020-05-13,47,39,-2.0,53.0,27.0,14.0,32.0,42.0,60.0
376,2020-05-14,36005,36005-2020-05-14,256,257,-10.0,461.0,355.0,226.0,75.0,175.0,250.0
375,2020-05-14,36047,36047-2020-05-14,332,308,-12.0,362.0,400.0,410.0,188.0,119.0,344.0
377,2020-05-14,36061,36061-2020-05-14,149,133,5.0,156.0,163.0,192.0,95.0,75.0,99.0
378,2020-05-14,36081,36081-2020-05-14,332,288,-12.0,307.0,314.0,376.0,85.0,256.0,344.0
379,2020-05-14,36085,36085-2020-05-14,42,37,-2.0,47.0,53.0,27.0,14.0,32.0,42.0
381,2020-05-15,36005,36005-2020-05-15,181,247,-10.0,256.0,461.0,355.0,226.0,75.0,175.0
380,2020-05-15,36047,36047-2020-05-15,259,296,6.0,332.0,362.0,400.0,410.0,188.0,119.0
382,2020-05-15,36061,36061-2020-05-15,135,138,-4.0,149.0,156.0,163.0,192.0,95.0,75.0
383,2020-05-15,36081,36081-2020-05-15,265,276,-17.0,332.0,307.0,314.0,376.0,85.0,256.0
384,2020-05-15,36085,36085-2020-05-15,33,35,-1.0,42.0,47.0,53.0,27.0,14.0,32.0
386,2020-05-16,36005,36005-2020-05-16,108,237,-2.0,181.0,256.0,461.0,355.0,226.0,75.0
385,2020-05-16,36047,36047-2020-05-16,165,302,-7.0,259.0,332.0,362.0,400.0,410.0,188.0
387,2020-05-16,36061,36061-2020-05-16,51,134,-6.0,135.0,149.0,156.0,163.0,192.0,95.0
388,2020-05-16,36081,36081-2020-05-16,136,259,3.0,265.0,332.0,307.0,314.0,376.0,85.0
389,2020-05-16,36085,36085-2020-05-16,25,34,-0.0,33.0,42.0,47.0,53.0,27.0,14.0
391,2020-05-17,36005,36005-2020-05-17,56,235,-6.0,108.0,181.0,256.0,461.0,355.0,226.0
390,2020-05-17,36047,36047-2020-05-17,138,295,-20.0,165.0,259.0,332.0,362.0,400.0,410.0
392,2020-05-17,36061,36061-2020-05-17,50,128,-9.0,51.0,135.0,149.0,156.0,163.0,192.0
393,2020-05-17,36081,36081-2020-05-17,106,262,-14.0,136.0,265.0,332.0,307.0,314.0,376.0
394,2020-05-17,36085,36085-2020-05-17,10,34,1.0,25.0,33.0,42.0,47.0,53.0,27.0
396,2020-05-18,36005,36005-2020-05-18,187,229,-25.0,56.0,108.0,181.0,256.0,461.0,355.0
395,2020-05-18,36047,36047-2020-05-18,266,275,-11.0,138.0,165.0,259.0,332.0,362.0,400.0
397,2020-05-18,36061,36061-2020-05-18,128,119,-0.0,50.0,51.0,135.0,149.0,156.0,163.0
398,2020-05-18,36081,36081-2020-05-18,275,248,-4.0,106.0,136.0,265.0,332.0,307.0,314.0
399,2020-05-18,36085,36085-2020-05-18,38,35,-1.0,10.0,25.0,33.0,42.0,47.0,53.0
401,2020-05-19,36005,36005-2020-05-19,182,204,-26.0,187.0,56.0,108.0,181.0,256.0,461.0
400,2020-05-19,36047,36047-2020-05-19,326,264,-6.0,266.0,138.0,165.0,259.0,332.0,362.0
402,2020-05-19,36061,36061-2020-05-19,165,119,1.0,128.0,50.0,51.0,135.0,149.0,156.0
403,2020-05-19,36081,36081-2020-05-19,287,244,-7.0,275.0,106.0,136.0,265.0,332.0,307.0
404,2020-05-19,36085,36085-2020-05-19,42,34,1.0,38.0,10.0,25.0,33.0,42.0,47.0
406,2020-05-20,36005,36005-2020-05-20,278,178,-8.0,182.0,187.0,56.0,108.0,181.0,256.0
405,2020-05-20,36047,36047-2020-05-20,323,258,1.0,326.0,266.0,138.0,165.0,259.0,332.0
407,2020-05-20,36061,36061-2020-05-20,164,120,-0.0,165.0,128.0,50.0,51.0,135.0,149.0
408,2020-05-20,36081,36081-2020-05-20,256,237,-3.0,287.0,275.0,106.0,136.0,265.0,332.0
409,2020-05-20,36085,36085-2020-05-20,56,35,5.0,42.0,38.0,10.0,25.0,33.0,42.0
411,2020-05-21,36005,36005-2020-05-21,199,170,12.0,278.0,182.0,187.0,56.0,108.0,181.0
410,2020-05-21,36047,36047-2020-05-21,336,259,13.0,323.0,326.0,266.0,138.0,165.0,259.0
412,2020-05-21,36061,36061-2020-05-21,145,120,2.0,164.0,165.0,128.0,50.0,51.0,135.0
413,2020-05-21,36081,36081-2020-05-21,311,234,-4.0,256.0,287.0,275.0,106.0,136.0,265.0
414,2020-05-21,36085,36085-2020-05-21,78,40,-0.0,56.0,42.0,38.0,10.0,25.0,33.0
416,2020-05-22,36005,36005-2020-05-22,264,182,-3.0,199.0,278.0,182.0,187.0,56.0,108.0
415,2020-05-22,36047,36047-2020-05-22,350,272,-3.0,336.0,323.0,326.0,266.0,138.0,165.0
417,2020-05-22,36061,36061-2020-05-22,153,122,-0.0,145.0,164.0,165.0,128.0,50.0,51.0
418,2020-05-22,36081,36081-2020-05-22,237,230,-0.0,311.0,256.0,287.0,275.0,106.0,136.0
419,2020-05-22,36085,36085-2020-05-22,32,40,2.0,78.0,56.0,42.0,38.0,10.0,25.0
421,2020-05-23,36005,36005-2020-05-23,90,179,7.0,264.0,199.0,278.0,182.0,187.0,56.0
420,2020-05-23,36047,36047-2020-05-23,143,269,3.0,350.0,336.0,323.0,326.0,266.0,138.0
422,2020-05-23,36061,36061-2020-05-23,47,122,2.0,153.0,145.0,164.0,165.0,128.0,50.0
423,2020-05-23,36081,36081-2020-05-23,138,230,2.0,237.0,311.0,256.0,287.0,275.0,106.0
424,2020-05-23,36085,36085-2020-05-23,37,42,1.0,32.0,78.0,56.0,42.0,38.0,10.0
426,2020-05-24,36005,36005-2020-05-24,101,186,-12.0,90.0,264.0,199.0,278.0,182.0,187.0
425,2020-05-24,36047,36047-2020-05-24,161,272,-15.0,143.0,350.0,336.0,323.0,326.0,266.0
427,2020-05-24,36061,36061-2020-05-24,69,124,-8.0,47.0,153.0,145.0,164.0,165.0,128.0
428,2020-05-24,36081,36081-2020-05-24,121,232,-23.0,138.0,237.0,311.0,256.0,287.0,275.0
429,2020-05-24,36085,36085-2020-05-24,15,43,-4.0,37.0,32.0,78.0,56.0,42.0,38.0
431,2020-05-25,36005,36005-2020-05-25,103,174,14.0,101.0,90.0,264.0,199.0,278.0,182.0
430,2020-05-25,36047,36047-2020-05-25,160,257,-2.0,161.0,143.0,350.0,336.0,323.0,326.0
432,2020-05-25,36061,36061-2020-05-25,69,116,-5.0,69.0,47.0,153.0,145.0,164.0,165.0
433,2020-05-25,36081,36081-2020-05-25,116,209,-2.0,121.0,138.0,237.0,311.0,256.0,287.0
434,2020-05-25,36085,36085-2020-05-25,16,39,3.0,15.0,37.0,32.0,78.0,56.0,42.0
436,2020-05-26,36005,36005-2020-05-26,283,188,-13.0,103.0,101.0,90.0,264.0,199.0,278.0
435,2020-05-26,36047,36047-2020-05-26,313,255,-12.0,160.0,161.0,143.0,350.0,336.0,323.0
437,2020-05-26,36061,36061-2020-05-26,127,111,-9.0,69.0,69.0,47.0,153.0,145.0,164.0
438,2020-05-26,36081,36081-2020-05-26,269,207,-13.0,116.0,121.0,138.0,237.0,311.0,256.0
439,2020-05-26,36085,36085-2020-05-26,58,42,-2.0,16.0,15.0,37.0,32.0,78.0,56.0
441,2020-05-27,36005,36005-2020-05-27,184,175,-12.0,283.0,103.0,101.0,90.0,264.0,199.0
440,2020-05-27,36047,36047-2020-05-27,241,243,-16.0,313.0,160.0,161.0,143.0,350.0,336.0
442,2020-05-27,36061,36061-2020-05-27,107,102,-6.0,127.0,69.0,69.0,47.0,153.0,145.0
443,2020-05-27,36081,36081-2020-05-27,165,194,-19.0,269.0,116.0,121.0,138.0,237.0,311.0
444,2020-05-27,36085,36085-2020-05-27,43,40,-7.0,58.0,16.0,15.0,37.0,32.0,78.0
446,2020-05-28,36005,36005-2020-05-28,119,163,-14.0,184.0,283.0,103.0,101.0,90.0,264.0
445,2020-05-28,36047,36047-2020-05-28,219,227,-27.0,241.0,313.0,160.0,161.0,143.0,350.0
447,2020-05-28,36061,36061-2020-05-28,97,96,-12.0,107.0,127.0,69.0,69.0,47.0,153.0
448,2020-05-28,36081,36081-2020-05-28,181,175,-3.0,165.0,269.0,116.0,121.0,138.0,237.0
449,2020-05-28,36085,36085-2020-05-28,30,33,-1.0,43.0,58.0,16.0,15.0,37.0,32.0
451,2020-05-29,36005,36005-2020-05-29,164,149,-1.0,119.0,184.0,283.0,103.0,101.0,90.0
450,2020-05-29,36047,36047-2020-05-29,161,200,-6.0,219.0,241.0,313.0,160.0,161.0,143.0
452,2020-05-29,36061,36061-2020-05-29,74,84,-1.0,97.0,107.0,127.0,69.0,69.0,47.0
453,2020-05-29,36081,36081-2020-05-29,212,172,-4.0,181.0,165.0,269.0,116.0,121.0,138.0
454,2020-05-29,36085,36085-2020-05-29,27,32,-3.0,30.0,43.0,58.0,16.0,15.0,37.0
456,2020-05-30,36005,36005-2020-05-30,82,148,-0.0,164.0,119.0,184.0,283.0,103.0,101.0
455,2020-05-30,36047,36047-2020-05-30,101,194,-0.0,161.0,219.0,241.0,313.0,160.0,161.0
457,2020-05-30,36061,36061-2020-05-30,38,83,-0.0,74.0,97.0,107.0,127.0,69.0,69.0
458,2020-05-30,36081,36081-2020-05-30,110,168,-0.0,212.0,181.0,165.0,269.0,116.0,121.0
459,2020-05-30,36085,36085-2020-05-30,15,29,-0.0,27.0,30.0,43.0,58.0,16.0,15.0
